,,,Type,Planner,ID,,,,,Type,ID,Translation,Affinity,Upgrade,Class,,Starting Class,ID,,Armor,ID,,Talisman,ID,,Great Rune,ID,,Crystal Tear,ID,,Weapon Class,Weapon,ID,isReinforce,isUnique,,Affinity,ID,,Magic,ID
Build Name,,,Starting Class,Vagabond,A,,Planner Selection Build ID,0xA-0x0-0x0-0x0-0x0-0x0-0x0-0x0-0x0-0x0-0x0-0x0-0x0-0x0-0x0-0x0-0x0-0x0-0x1ADB0-0x1ADB0-0x1ADB0-0x1ADB0-0x1ADB0-0x1ADB0-0xA-0x0-0x0-0x0-0x0-0x0-0x0-0x0-0x0-0x0-0x0-0x0-0x0-0x0-0x0-0x0-0x0-0x0-0x0-0x0-0x0,,Starting Class,10,Vagabond,,,,,Vagabond,10.0,,Empty,0.0,,Empty,0.0,,Empty,0.0,,Empty,0.0,,Dagger,Dagger,1000000.0,TRUE,FALSE,,Standard,0.0,,Empty,0.0
Build ID,A-0-0-0-0-0-0-0-0-0-0-0-0-0-0-0-0-0-1ADB0-1ADB0-1ADB0-1ADB0-1ADB0-1ADB0-A-0-0-0-0-0-0-0-0-0-0-0-0-0-0-0-0-0-0-0-0,,Vigor,,0,,,,,Vigor,0,,,,,,Warrior,20.0,,Commoner's Headband,810000.0,,Crimson Amber Medallion,1000.0,,Godrick's Great Rune,191.0,,Crimson Crystal Tear 1,11002.0,,Dagger,Parrying Dagger,1020000.0,TRUE,FALSE,,Heavy,100.0,,Glintstone Pebble,4000.0
Filter,,,Mind,,0,,Default Build ID,0xA-0x0-0x0-0x0-0x0-0x0-0x0-0x0-0x0-0x0-0x0-0x0-0x0-0x0-0x0-0x0-0x0-0x0-0x1ADB0-0x1ADB0-0x1ADB0-0x1ADB0-0x1ADB0-0x1ADB0-0xA-0x0-0x0-0x0-0x0-0x0-0x0-0x0-0x0-0x0-0x0-0x0-0x0-0x0-0x0-0x0-0x0-0x0-0x0-0x0-0x0,,Mind,0,,,,,,Hero,30.0,,Commoner's Headband (Altered),811000.0,,Crimson Amber Medallion +1,1001.0,,Rykard's Great Rune,194.0,,Crimson Crystal Tear 2,11003.0,,Dagger,Miséricorde,1030000.0,TRUE,FALSE,,Keen,200.0,,Swift Glintstone Shard,4010.0
Edit Flag,FALSE,,Endurance,,0,,,,,Endurance,0,,,,,,Bandit,40.0,,Aristocrat Headband,370000.0,,Crimson Amber Medallion +2,1002.0,,Radahn's Great Rune,192.0,,Crimsonspill Crystal Tear,11000.0,,Dagger,Great Knife,1090000.0,TRUE,FALSE,,Quality,300.0,,Great Glintstone Shard,4001.0
Selected Row,none,,Strength,,0,,Dropdown Selected Build ID,0xA-0x0-0x0-0x0-0x0-0x0-0x0-0x0-0x0-0x0-0x0-0x0-0x0-0x0-0x0-0x0-0x0-0x0-0x1ADB0-0x1ADB0-0x1ADB0-0x1ADB0-0x1ADB0-0x1ADB0-0xA-0x0-0x0-0x0-0x0-0x0-0x0-0x0-0x0-0x0-0x0-0x0-0x0-0x0-0x0-0x0-0x0-0x0-0x0-0x0-0x0,,Strength,0,,,,,,Astrologer,50.0,,Aristocrat Hat,380000.0,,Crimson Amber Medallion +3,7000.0,,Morgott's Great Rune,193.0,,Crimsonburst Crystal Tear,11009.0,,Dagger,Bloodstained Dagger,1140000.0,TRUE,FALSE,,Fire,400.0,,Glintstone Cometshard,4020.0
Script Used Flag,FALSE,,Dexterity,,0,,,,,Dexterity,0,,,,,,Prophet,60.0,,Old Aristocrat Cowl,390000.0,,Crimson Seed Talisman,5000.0,,Mohg's Great Rune,195.0,,Crimsonburst Dried Tear,2011010.0,,Dagger,Erdsteel Dagger,1150000.0,TRUE,FALSE,,Flame Art,500.0,,Glintstone Cometshard,4020.0
,,,Intelligence,,0,,,,,Intelligence,0,,,,,,Samurai,70.0,,Page Hood,220000.0,,Crimson Seed Talisman +1,7140.0,,Malenia's Great Rune,196.0,,Cerulean Crystal Tear 1,11004.0,,Dagger,Fire Knight's Shortsword,1510000.0,TRUE,FALSE,,Lightning,600.0,,Comet,4021.0
Disable Class Load,TRUE,,Faith,,0,,,,,Faith,0,,,,,,Prisoner,80.0,,High Page Hood,1990000.0,,Blessed Dew Talisman,5020.0,,,,,Cerulean Crystal Tear 2,11005.0,,Dagger,Wakizashi,1100000.0,TRUE,FALSE,,Sacred,700.0,,Comet,4021.0
,,,Arcane,,0,,,,,Arcane,0,,,,,,Confessor,90.0,,Guardian Mask,330000.0,,Cerulean Amber Medallion,1010.0,,Godrick's Great Rune,10.0,,Greenspill Crystal Tear,11001.0,,Dagger,Main-gauche,1500000.0,TRUE,FALSE,,Magic,800.0,,Comet,4021.0
,,,Head,Empty,0,,,,,Head,0,Empty,,,,,Wretch,100.0,,Festive Hood,800000.0,,Cerulean Amber Medallion +1,1011.0,,Rykard's Great Rune,20.0,,Greenburst Crystal Tear,11010.0,,Dagger,Celebrant's Sickle,1060000.0,TRUE,FALSE,,Cold,900.0,,Shard Spiral,4030.0
,,,Body,Empty,0,,,,,Body,0,Empty,,,,,,,,Festive Hood (Altered),801000.0,,Cerulean Amber Medallion +2,1012.0,,Radahn's Great Rune,30.0,,Strength-knot Crystal Tear,11021.0,,Dagger,Ivory Sickle,1130000.0,TRUE,FALSE,,Poison,1000.0,,Shard Spiral,4030.0
,,,Arms,Empty,0,,,,,Arms,0,Empty,,,,,,,,Blue Festive Hood,802000.0,,Cerulean Amber Medallion +3,7010.0,,Morgott's Great Rune,40.0,,Dexterity-knot Crystal Tear,11022.0,,Dagger,Crystal Knife,1050000.0,TRUE,FALSE,,Blood,1100.0,,Glintstone Stars,4040.0
,,,Legs,Empty,0,,,,,Legs,0,Empty,,,,,,,,Guilty Hood,160000.0,,Cerulean Seed Talisman,5010.0,,Mohg's Great Rune,50.0,,Intelligence-knot Crystal Tear,11023.0,,Dagger,Scorpion's Stinger,1080000.0,TRUE,TRUE,,Occult,1200.0,,Glintstone Stars,4040.0
,,,Talisman 1,Empty,0,,,,,Talisman 1,0,Empty,,,,,,,,Prisoner Iron Mask,890000.0,,Cerulean Seed Talisman +1,7150.0,,Malenia's Great Rune,60.0,,Faith-knot Crystal Tear,11024.0,,Dagger,Cinquedea,1110000.0,TRUE,TRUE,,,,,Glintstone Stars,4040.0
,,,Talisman 2,,0,,,,,Talisman 2,0,Empty,,,,,,,,Blackguard's Iron Mask,891000.0,,Blessed Blue Dew Talisman,8000.0,,,,,Opaline Hardtear,11011.0,,Dagger,Glintstone Kris,1070000.0,TRUE,TRUE,,,,,Glintstone Stars,4040.0
,,,Talisman 3,,0,,,,,Talisman 3,0,Empty,,,,,,,,Bloodsoaked Mask,964000.0,,Talisman of Lord's Bestowal,8200.0,,,,,Speckled Hardtear,11006.0,,Dagger,Reduvia,1040000.0,TRUE,TRUE,,,,,Glintstone Stars,4040.0
,,,Talisman 4,,0,,,,,Talisman 4,0,Empty,,,,,,,,Caterpillar Mask,5070000.0,,Viridian Amber Medallion,1020.0,,,,,Leaden Hardtear,11018.0,,Dagger,Blade of Calling,1160000.0,TRUE,TRUE,,,,,Glintstone Stars,4040.0
,,,Great Rune,Empty,0,,,,,Great Rune,0,Empty,,,,,,,,Black Dumpling,2020000.0,,Viridian Amber Medallion +1,1021.0,,,,,Deflecting Hardtear,2011070.0,,Dagger,Black Knife,1010000.0,TRUE,TRUE,,,,,Star Shower,4050.0
Starting Class,Vagabond,,RH1 Weapon,Unarmed,1ADB0,,,,,RH1 Weapon,110000,Unarmed,Standard,0,,,,,,Mushroom Head,1130000.0,,Viridian Amber Medallion +2,1022.0,,,,,Magic-Shrouding Cracked Tear,11029.0,,Throwing Blade,Smithscript Dagger,63500000.0,TRUE,FALSE,,,,,Star Shower,4050.0
Vigor,,,RH1 Affinity,0,,,,,,RH2 Weapon,110000,Unarmed,Standard,0,,,,,,Mushroom Crown,2010000.0,,Viridian Amber Medallion +3,7020.0,,,,,Flame-Shrouding Cracked Tear,11028.0,,Straight Sword,Short Sword,2010000.0,TRUE,FALSE,,,,,Star Shower,4050.0
Mind,,,RH1 Upgrade,0,,,,,,RH3 Weapon,110000,Unarmed,Standard,0,,,,,,St. Trina's Blossom,5300000.0,,Green Turtle Talisman,1150.0,,,,,Lightning-Shrouding Cracked Tear,11030.0,,Straight Sword,Longsword,2000000.0,TRUE,FALSE,,,,,Star Shower,4050.0
Endurance,,,RH2 Weapon,Unarmed,1ADB0,,,,,LH1 Weapon,110000,Unarmed,Standard,0,,,,,,Circlet of Light,5272000.0,,Two-Headed Turtle Talisman,7030.0,,,,,Holy-Shrouding Cracked Tear,11031.0,,Straight Sword,Broadsword,2020000.0,TRUE,FALSE,,,,,Star Shower,4050.0
Strength,,,RH2 Affinity,0,,,,,,LH2 Weapon,110000,Unarmed,Standard,0,,,,,,Astrologer Hood,630000.0,,Arsenal Charm,1030.0,,,,,Stonebarb Cracked Tear,11026.0,,Straight Sword,Weathered Straight Sword,2050000.0,TRUE,FALSE,,,,,Star Shower,4050.0
Dexterity,,,RH2 Upgrade,0,,,,,,LH3 Weapon,110000,Unarmed,Standard,0,,,,,,Juvenile Scholar Cap,1030000.0,,Arsenal Charm +1,1031.0,,,,,Spiked Cracked Tear,11014.0,,Straight Sword,Lordsworn's Straight Sword,2040000.0,TRUE,FALSE,,,,,Star Shower,4050.0
Intelligence,,,RH3 Weapon,Unarmed,1ADB0,,,,,Memory Slots,10,10,,,,,,,,Karolos Glintstone Crown,833000.0,,Great-Jar's Arsenal,1032.0,,,,,Thorny Cracked Tear,11013.0,,Straight Sword,Noble's Slender Sword,2230000.0,TRUE,FALSE,,,,,Star Shower,4050.0
Faith,,,RH3 Affinity,0,,,,,,Spell 1,0,Empty,,,,,,,,Olivinus Glintstone Crown,831000.0,,Erdtree's Favor,1040.0,,,,,Crimson-Sapping Cracked Tear,2011020.0,,Straight Sword,Cane Sword,2210000.0,TRUE,FALSE,,,,,Star Shower,4050.0
Arcane,,,RH3 Upgrade,0,,,,,,Spell 2,0,Empty,,,,,,,,Twinsage Glintstone Crown,830000.0,,Erdtree's Favor +1,1041.0,,,,,Cerulean-Sapping Cracked Tear,2011030.0,,Straight Sword,Stone-Sheathed Sword,2540000.0,TRUE,TRUE,,,,,Star Shower,4050.0
Head,,,LH1 Weapon,Unarmed,1ADB0,,,,,Spell 3,0,Empty,,,,,,,,Witch's Glintstone Crown,834000.0,,Erdtree's Favor +2,1042.0,,,,,Bloodsucking Cracked Tear,2011050.0,,Straight Sword,Warhawk's Talon,2240000.0,TRUE,FALSE,,,,,Star Shower,4050.0
Chest,,,LH1 Affinity,0,,,,,,Spell 4,0,Empty,,,,,,,,Lazuli Glintstone Crown,832000.0,,Radagon's Scarseal,1050.0,,,,,Twiggy Cracked Tear,11019.0,,Straight Sword,Lazuli Glintstone Sword,2250000.0,TRUE,TRUE,,,,,Star Shower,4050.0
Hands,,,LH1 Upgrade,0,,,,,,Spell 5,0,Empty,,,,,,,,Haima Glintstone Crown,1000000.0,,Radagon's Soreseal,1051.0,,,,,Winged Crystal Tear,11012.0,,Straight Sword,Carian Knight's Sword,2180000.0,TRUE,TRUE,,,,,Glintstone Arc,4070.0
Legs,,,LH2 Weapon,Unarmed,1ADB0,,,,,Spell 6,0,Empty,,,,,,,,Hierodas Glintstone Crown,990000.0,,Marika's Scarseal,1220.0,,,,,Windy Crystal Tear,11015.0,,Straight Sword,Crystal Sword,2150000.0,TRUE,TRUE,,,,,Crystal Barrage,4060.0
Talisman 1,,,LH2 Affinity,0,,,,,,Spell 7,0,Empty,,,,,,,,Spellblade's Pointed Hat,130000.0,,Marika's Soreseal,1221.0,,,,,Glovewort Crystal Tear,2011060.0,,Straight Sword,Rotten Crystal Sword,2260000.0,TRUE,TRUE,,,,,Crystal Burst,4090.0
Talisman 2,,,LH2 Upgrade,0,,,,,,Spell 8,0,Empty,,,,,,,,Alberich's Pointed Hat,120000.0,,Starscourge Heirloom,1060.0,,,,,Crimson Bubbletear,11007.0,,Straight Sword,Miquellan Knight's Sword,2200000.0,TRUE,TRUE,,,,,Crystal Burst,4090.0
Talisman 3,,,LH3 Weapon,Unarmed,1ADB0,,,,,Spell 9,0,Empty,,,,,,,,Alberich's Pointed Hat (Altered),121000.0,,Prosthesis-Wearer Heirloom,1070.0,,,,,Crimsonwhorl Bubbletear,11020.0,,Straight Sword,Ornamental Straight Sword,2060000.0,TRUE,TRUE,,,,,Cannon of Haima,4080.0
Talisman 4,,,LH3 Affinity,0,,,,,,Spell 10,0,Empty,,,,,,,,Preceptor's Big Hat,910000.0,,Stargazer Heirloom,1080.0,,,,,Opaline Bubbletear,11008.0,,Straight Sword,Golden Epitaph,2070000.0,TRUE,TRUE,,,,,Cannon of Haima,4080.0
Great Rune,,,LH3 Upgrade,0,,,,,,Spell 11,0,Empty,,,,,,,,Mask of Confidence,911000.0,,Two Fingers Heirloom,1090.0,,,,,Cerulean Hidden Tear,11025.0,,Straight Sword,Sword of St. Trina,2190000.0,TRUE,TRUE,,,,,Gavel of Haima,4120.0
RH1 Class,,,Memory Slots,10,A,,,,,Spell 12,0,Empty,,,,,,,,Azur's Glintstone Crown,581000.0,,Outer God Heirloom,8020.0,,,,,Viridian Hidden Tear,2011000.0,,Straight Sword,Velvet Sword of St. Trina,2510000.0,TRUE,TRUE,,,,,Gavel of Haima,4120.0
RH1 Weapon,,,Spell 1,Empty,0,,,,,GR Active,0,FALSE,,,,,,,,Lusat's Glintstone Crown,580000.0,,Dragoncrest Shield Talisman,4000.0,,,,,Purifying Crystal Tear,11027.0,,Straight Sword,Regalia of Eochaid,2220000.0,TRUE,TRUE,,,,,Gavel of Haima,4120.0
RH1 Affinity,,,Spell 2,Empty,0,,,,,2H Weapon,0,FALSE,,,,,,,,Queen's Crescent Crown,510000.0,,Dragoncrest Shield Talisman +1,4001.0,,,,,Ruptured Crystal Tear 1,11016.0,,Straight Sword,Coded Sword,2110000.0,TRUE,TRUE,,,,,Gavel of Haima,4120.0
RH1 Upgrade,,,Spell 3,Empty,0,,,,,PvP,0,FALSE,,,,,,,,Snow Witch Hat,1010000.0,,Dragoncrest Shield Talisman +2,4002.0,,,,,Ruptured Crystal Tear 2,11017.0,,Straight Sword,Sword of Night and Flame,2140000.0,TRUE,TRUE,,,,,Shatter Earth,4100.0
RH2 Class,,,Spell 4,Empty,0,,,,,Low HP,0,FALSE,,,,,,,,High Priest Hat,5060000.0,,Dragoncrest Greatshield Talisman,4003.0,,,,,Oil-Soaked Tear,2011040.0,,Straight Sword,Sword of Light,2550000.0,TRUE,TRUE,,,,,Shatter Earth,4100.0
RH2 Weapon,,,Spell 5,Empty,0,,,,,Full HP,0,FALSE,,,,,,,,Fia's Hood,1940000.0,,Spelldrake Talisman,4010.0,,,,,,,,Straight Sword,Sword of Darkness,2560000.0,TRUE,TRUE,,,,,Shatter Earth,4100.0
RH2 Affinity,,,Spell 6,Empty,0,,,,,Crystal Tear 1,0,Empty,,,,,,,,Prophet Blindfold,620000.0,,Spelldrake Talisman +1,4011.0,,,,,,,,Light Greatsword,Milady,67500000.0,TRUE,FALSE,,,,,Shatter Earth,4100.0
RH2 Upgrade,,,Spell 7,Empty,0,,,,,Crystal Tear 2,0,Empty,,,,,,,,Traveling Maiden Hood,900000.0,,Spelldrake Talisman +2,4012.0,,,,,,,,Light Greatsword,Leda's Sword,67510000.0,TRUE,TRUE,,,,,Shatter Earth,4100.0
RH3 Class,,,Spell 8,Empty,0,,,,,CT Active,0,FALSE,,,,,,,,Finger Maiden Fillet,902000.0,,Spelldrake Talisman +3,7090.0,,,,,,,,Light Greatsword,Rellana's Twin Blades,67520000.0,TRUE,TRUE,,,,,Rock Blaster,4110.0
RH3 Weapon,,,Spell 9,Empty,0,,,,,,,,,,,,,,,Sage Hood,430000.0,,Flamedrake Talisman,4020.0,,,,,,,,Greatsword,Bastard Sword,3000000.0,TRUE,FALSE,,,,,Rock Blaster,4110.0
RH3 Affinity,,,Spell 10,Empty,0,,,,,,,,,,,,,,,Greathood,1600000.0,,Flamedrake Talisman +1,4021.0,,,,,,,,Greatsword,Claymore,3180000.0,TRUE,FALSE,,,,,Rock Blaster,4110.0
RH3 Upgrade,,,Spell 11,Empty,0,,,,,,,,,,,,,,,Dane's Hat,3000000.0,,Flamedrake Talisman +2,4022.0,,,,,,,,Greatsword,Iron Greatsword,3020000.0,TRUE,FALSE,,,,,Rock Blaster,4110.0
LH1 Class,,,Spell 12,Empty,0,,,,,,,,,,,,,,,Radiant Gold Mask,1040000.0,,Flamedrake Talisman +3,7100.0,,,,,,,,Greatsword,Lordsworn's Greatsword,3030000.0,TRUE,FALSE,,,,,Scholar's Armament,4460.0
LH1 Weapon,,,GR Active,FALSE,0,,,,,,,,,,,,,,,Perfumer Hood,90000.0,,Boltdrake Talisman,4030.0,,,,,,,,Greatsword,Knight's Greatsword,3040000.0,TRUE,FALSE,,,,,Scholar's Shield,4470.0
LH1 Affinity,,,2H Weapon,FALSE,0,,,,,,,,,,,,,,,Traveler's Hat,100000.0,,Boltdrake Talisman +1,4031.0,,,,,,,,Greatsword,Banished Knight's Greatsword,3080000.0,TRUE,FALSE,,,,,Starlight,4140.0
LH1 Upgrade,,,PvP,FALSE,0,,,,,,,,,,,,,,,Depraved Perfumer Headscarf,540000.0,,Boltdrake Talisman +2,4032.0,,,,,,,,Greatsword,Forked Greatsword,3010000.0,TRUE,FALSE,,,,,Terra Magica,4130.0
LH2 Class,,,Low HP,FALSE,0,,,,,,,,,,,,,,,Ruler's Mask,961000.0,,Boltdrake Talisman +3,7110.0,,,,,,,,Greatsword,Lizard Greatsword,3520000.0,TRUE,FALSE,,,,,Thops's Barrier,4630.0
LH2 Weapon,,,Full HP,FALSE,0,,,,,,,,,,,,,,,Consort's Mask,960000.0,,Haligdrake Talisman,4040.0,,,,,,,,Greatsword,Flamberge,3050000.0,TRUE,FALSE,,,,,Comet Azur,4200.0
LH2 Affinity,,,Crystal Tear 1,Empty,0,,,,,,,,,,,,,,,Marais Mask,963000.0,,Haligdrake Talisman +1,4041.0,,,,,,,,Greatsword,Gargoyle's Greatsword,3190000.0,TRUE,FALSE,,,,,Comet Azur,4200.0
LH2 Upgrade,,,Crystal Tear 2,Empty,0,,,,,,,,,,,,,,,Great Horned Headband,300000.0,,Haligdrake Talisman +2,4042.0,,,,,,,,Greatsword,Gargoyle's Blackblade,3210000.0,TRUE,TRUE,,,,,Comet Azur,4200.0
LH3 Class,,,CT Active,FALSE,0,,,,,,,,,,,,,,,Shining Horned Headband,301000.0,,Golden Braid,7120.0,,,,,,,,Greatsword,Inseparable Sword,2090000.0,TRUE,TRUE,,,,,Comet Azur,4200.0
LH3 Weapon,,,,,,,,,,,,,,,,,,,,Godskin Apostle Hood,520000.0,,Pearldrake Talisman,4050.0,,,,,,,,Greatsword,Sword of Milos,3160000.0,TRUE,TRUE,,,,,Comet Azur,4200.0
LH3 Affinity,,,,,,,,,,,,,,,,,,,,Godskin Noble Hood,530000.0,,Pearldrake Talisman +1,4051.0,,,,,,,,Greatsword,Marais Executioner's Sword,3150000.0,TRUE,TRUE,,,,,Stars of Ruin,4220.0
LH3 Upgrade,,,,,,,,,,,,,,,,,,,,Sanguine Noble Hood,320000.0,,Pearldrake Talisman +2,4052.0,,,,,,,,Greatsword,Greatsword of Solitude,3550000.0,TRUE,TRUE,,,,,Stars of Ruin,4220.0
Memory Slots,,,,,,,,,,,,,,,,,,,,Wise Man's Mask,5110000.0,,Pearldrake Talisman +3,7130.0,,,,,,,,Greatsword,Ordovis's Greatsword,3060000.0,TRUE,TRUE,,,,,Stars of Ruin,4220.0
Spell 1,,,,,,,,,,,,,,,,,,,,Crimson Tear Scarab,1910000.0,,Immunizing Horn Charm,1170.0,,,,,,,,Greatsword,Alabaster Lord's Sword,3070000.0,TRUE,TRUE,,,,,Stars of Ruin,4220.0
Spell 2,,,,,,,,,,,,,,,,,,,,Cerulean Tear Scarab,1920000.0,,Immunizing Horn Charm +1,1171.0,,,,,,,,Greatsword,Death's Poker,3200000.0,TRUE,TRUE,,,,,Stars of Ruin,4220.0
Spell 3,,,,,,,,,,,,,,,,,,,,Ash-of-War Scarab,1900000.0,,Immunizing Horn Charm +2,7050.0,,,,,,,,Greatsword,Helphen's Steeple,3130000.0,TRUE,TRUE,,,,,Stars of Ruin,4220.0
Spell 4,,,,,,,,,,,,,,,,,,,,Glintstone Scarab,1902000.0,,Stalwart Horn Charm,1160.0,,,,,,,,Greatsword,Blasphemous Blade,3140000.0,TRUE,TRUE,,,,,Stars of Ruin,4220.0
Spell 5,,,,,,,,,,,,,,,,,,,,Incantation Scarab,1901000.0,,Stalwart Horn Charm +1,1161.0,,,,,,,,Greatsword,Golden Order Greatsword,3170000.0,TRUE,TRUE,,,,,Stars of Ruin,4220.0
Spell 6,,,,,,,,,,,,,,,,,,,,Imp Head (Cat),1080000.0,,Stalwart Horn Charm +2,7040.0,,,,,,,,Greatsword,Dark Moon Greatsword,3090000.0,TRUE,TRUE,,,,,Stars of Ruin,4220.0
Spell 7,,,,,,,,,,,,,,,,,,,,Imp Head (Wolf),1084000.0,,Clarifying Horn Charm,1180.0,,,,,,,,Greatsword,Greatsword of Damnation,3510000.0,TRUE,TRUE,,,,,Stars of Ruin,4220.0
Spell 8,,,,,,,,,,,,,,,,,,,,Imp Head (Fanged),1081000.0,,Clarifying Horn Charm +1,1181.0,,,,,,,,Greatsword,Sacred Relic Sword,3100000.0,TRUE,TRUE,,,,,Stars of Ruin,4220.0
Spell 9,,,,,,,,,,,,,,,,,,,,Imp Head (Long-Tongued),1082000.0,,Clarifying Horn Charm +2,7060.0,,,,,,,,Colossal Sword,Zweihander,4040000.0,TRUE,FALSE,,,,,Stars of Ruin,4220.0
Spell 10,,,,,,,,,,,,,,,,,,,,Imp Head (Corpse),1083000.0,,Mottled Necklace,1200.0,,,,,,,,Colossal Sword,Greatsword,4000000.0,TRUE,FALSE,,,,,Stars of Ruin,4220.0
Spell 11,,,,,,,,,,,,,,,,,,,,Imp Head (Elder),1085000.0,,Mottled Necklace +1,1201.0,,,,,,,,Colossal Sword,Watchdog's Greatsword,4010000.0,TRUE,FALSE,,,,,Stars of Ruin,4220.0
Spell 12,,,,,,,,,,,,,,,,,,,,Imp Head (Lion),5330000.0,,Mottled Necklace +2,7080.0,,,,,,,,Colossal Sword,Fire Knight's Greatsword,4520000.0,TRUE,FALSE,,,,,Stars of Ruin,4220.0
GR Active,FALSE,,,,,,,,,,,,,,,,,,,Nox Mirrorhelm,1300000.0,,Prince of Death's Pustule,1190.0,,,,,,,,Colossal Sword,Troll's Golden Sword,4030000.0,TRUE,FALSE,,,,,Stars of Ruin,4220.0
2H Weapon,FALSE,,,,,,,,,,,,,,,,,,,Iji's Mirrorhelm,1301000.0,,Prince of Death's Cyst,1191.0,,,,,,,,Colossal Sword,Troll Knight's Sword,4110000.0,TRUE,TRUE,,,,,Founding Rain of Stars,4210.0
PvP,FALSE,,,,,,,,,,,,,,,,,,,Silver Tear Mask,1090000.0,,Ailment Talisman,8120.0,,,,,,,,Colossal Sword,Moonrithyll's Knight Sword,4540000.0,TRUE,TRUE,,,,,Founding Rain of Stars,4210.0
Low HP,FALSE,,,,,,,,,,,,,,,,,,,Envoy Crown,820000.0,,Dagger Talisman,2090.0,,,,,,,,Colossal Sword,Royal Greatsword,4060000.0,TRUE,TRUE,,,,,Magic Glintblade,4390.0
Full HP,FALSE,,,,,,,,,,,,,,,,,,,Octopus Head,1110000.0,,Curved Sword Talisman,2200.0,,,,,,,,Colossal Sword,Grafted Blade Greatsword,4100000.0,TRUE,TRUE,,,,,Magic Glintblade,4390.0
Crystal Tear 1,,,,,,,,,,,,,,,,,,,,Jar,1120000.0,,Twinblade Talisman,2120.0,,,,,,,,Colossal Sword,Ruins Greatsword,4080000.0,TRUE,TRUE,,,,,Glintblade Trio,2004310.0
Crystal Tear 2,,,,,,,,,,,,,,,,,,,,Greatjar,5320000.0,,Axe Talisman,2130.0,,,,,,,,Colossal Sword,Ancient Meteoric Ore Greatsword,4500000.0,TRUE,TRUE,,,,,Glintblade Trio,2004310.0
CT Active,FALSE,,,,,,,,,,,,,,,,,,,Albinauric Mask,1060000.0,,Hammer Talisman,2070.0,,,,,,,,Colossal Sword,Starscourge Greatsword,4050000.0,TRUE,TRUE,,,,,Glintblade Phalanx,4300.0
,,,,,,,,,,,,,,,,,,,,Black Wolf Mask,170000.0,,Spear Talisman,2060.0,,,,,,,,Colossal Sword,Greatsword of Radahn (Lord),4530000.0,TRUE,TRUE,,,,,Glintblade Phalanx,4300.0
,,,,,,,,,,,,,,,,,,,,Blue Cloth Cowl,670000.0,,Lance Talisman,2140.0,,,,,,,,Colossal Sword,Greatsword of Radahn (Light),4550000.0,TRUE,TRUE,,,,,Carian Phalanx,4301.0
,,,,,,,,,,,,,,,,,,,,Crimson Hood,740000.0,,Claw Talisman,2180.0,,,,,,,,Colossal Sword,Godslayer's Greatsword,4070000.0,TRUE,TRUE,,,,,Carian Phalanx,4301.0
,,,,,,,,,,,,,,,,,,,,Navy Hood,741000.0,,Two-Handed Sword Talisman,8040.0,,,,,,,,Colossal Sword,Maliketh's Black Blade,4020000.0,TRUE,TRUE,,,,,Greatblade Phalanx,4302.0
,,,,,,,,,,,,,,,,,,,,White Mask,680000.0,,Greatshield Talisman,4100.0,,,,,,,,Thrusting Sword,Rapier,5020000.0,TRUE,FALSE,,,,,Greatblade Phalanx,4302.0
,,,,,,,,,,,,,,,,,,,,Thiollier's Mask,5030000.0,,Pearl Shield Talisman,8090.0,,,,,,,,Thrusting Sword,Estoc,5000000.0,TRUE,FALSE,,,,,Magic Downpour,4370.0
,,,,,,,,,,,,,,,,,,,,Nomadic Merchant's Chapeau,250000.0,,Retaliatory Crossed-Tree,8130.0,,,,,,,,Thrusting Sword,Noble's Estoc,5060000.0,TRUE,FALSE,,,,,Magic Downpour,4370.0
,,,,,,,,,,,,,,,,,,,,Bandit Mask,1401000.0,,Lacerating Crossed-Tree,8140.0,,,,,,,,Thrusting Sword,Cleanrot Knight's Sword,5010000.0,TRUE,FALSE,,,,,Magic Downpour,4370.0
,,,,,,,,,,,,,,,,,,,,Black Hood,1400000.0,,Arrow's Sting Talisman,2150.0,,,,,,,,Thrusting Sword,Rogier's Rapier,5030000.0,TRUE,FALSE,,,,,Magic Downpour,4370.0
,,,,,,,,,,,,,,,,,,,,Confessor Hood,880000.0,,Arrow's Reach Talisman,2100.0,,,,,,,,Thrusting Sword,Antspur Rapier,5040000.0,TRUE,FALSE,,,,,Loretta's Greatbow,4380.0
,,,,,,,,,,,,,,,,,,,,Confessor Hood (Altered),881000.0,,Arrow's Soaring Sting Talisman,8070.0,,,,,,,,Thrusting Sword,Frozen Needle,5050000.0,TRUE,TRUE,,,,,Loretta's Greatbow,4380.0
,,,,,,,,,,,,,,,,,,,,Omensmirk Mask,1890000.0,,Sharpshot Talisman,8150.0,,,,,,,,Thrusting Sword,Carian Sorcery Sword,2530000.0,TRUE,FALSE,,,,,Loretta's Mastery,4381.0
,,,,,,,,,,,,,,,,,,,,Skeletal Mask,930000.0,,Graven-School Talisman,3000.0,,,,,,,,Heavy Thrusting Sword,Great Épée,6020000.0,TRUE,FALSE,,,,,Loretta's Mastery,4381.0
,,,,,,,,,,,,,,,,,,,,Gravebird Helm,5230000.0,,Graven-Mass Talisman,3001.0,,,,,,,,Heavy Thrusting Sword,Godskin Stitcher,6010000.0,TRUE,FALSE,,,,,Rennala's Full Moon,4360.0
,,,,,,,,,,,,,,,,,,,,Dancer's Hood,5080000.0,,Faithful's Canvas Talisman,3040.0,,,,,,,,Heavy Thrusting Sword,Queelign's Greatsword,6500000.0,TRUE,FALSE,,,,,Ranni's Dark Moon,4361.0
,,,,,,,,,,,,,,,,,,,,Foot Soldier Helm,1860000.0,,Flock's Canvas Talisman,3050.0,,,,,,,,Heavy Thrusting Sword,Bloody Helice,6000000.0,TRUE,TRUE,,,,,Rellana's Twin Moons,2004320.0
,,,,,,,,,,,,,,,,,,,,Foot Soldier Helmet,1840000.0,,Primal Glintstone Blade,3080.0,,,,,,,,Heavy Thrusting Sword,Dragon King's Cragblade,6040000.0,TRUE,TRUE,,,,,Rellana's Twin Moons,2004320.0
,,,,,,,,,,,,,,,,,,,,Foot Soldier Cap,1830000.0,,Moon of Nokstella,1140.0,,,,,,,,Heavy Thrusting Sword,Sword Lance,3500000.0,TRUE,FALSE,,,,,Rellana's Twin Moons,2004320.0
,,,,,,,,,,,,,,,,,,,,Gilded Foot Soldier Cap,1850000.0,,Old Lord's Talisman,3060.0,,,,,,,,Curved Sword,Scimitar,7140000.0,TRUE,FALSE,,,,,Carian Slicer,4440.0
,,,,,,,,,,,,,,,,,,,,Sacred Crown Helm,1880000.0,,Radagon Icon,3070.0,,,,,,,,Curved Sword,Falchion,7000000.0,TRUE,FALSE,,,,,Carian Slicer,4440.0
,,,,,,,,,,,,,,,,,,,,Highwayman Hood,1980000.0,,Beloved Stardust,8190.0,,,,,,,,Curved Sword,Shamshir,7030000.0,TRUE,FALSE,,,,,Carian Slicer,4440.0
,,,,,,,,,,,,,,,,,,,,Common Soldier Helm,5240000.0,,Roar Medallion,2190.0,,,,,,,,Curved Sword,Grossmesser,7150000.0,TRUE,FALSE,,,,,Carian Slicer,4440.0
,,,,,,,,,,,,,,,,,,,,Vulgar Militia Helm,420000.0,,Companion Jar,2210.0,,,,,,,,Curved Sword,Bandit's Curved Sword,7040000.0,TRUE,FALSE,,,,,Carian Slicer,4440.0
,,,,,,,,,,,,,,,,,,,,Shadow Militiaman Helm,5280000.0,,Perfumer's Talisman,2220.0,,,,,,,,Curved Sword,Shotel,7020000.0,TRUE,FALSE,,,,,Carian Slicer,4440.0
,,,,,,,,,,,,,,,,,,,,Duelist Helm,310000.0,,Carian Filigreed Crest,6020.0,,,,,,,,Curved Sword,Scavenger's Curved Sword,7080000.0,TRUE,FALSE,,,,,Carian Greatsword,4430.0
,,,,,,,,,,,,,,,,,,,,Rotten Duelist Helm,2000000.0,,Warrior Jar Shard,1230.0,,,,,,,,Curved Sword,Mantis Blade,7120000.0,TRUE,FALSE,,,,,Carian Greatsword,4430.0
,,,,,,,,,,,,,,,,,,,,Nox Monk Hood,290000.0,,Shard of Alexander,1231.0,,,,,,,,Curved Sword,Beastman's Curved Sword,7010000.0,TRUE,FALSE,,,,,Carian Greatsword,4430.0
,,,,,,,,,,,,,,,,,,,,Nox Monk Hood (Altered),291000.0,,Godfrey Icon,3090.0,,,,,,,,Curved Sword,Flowing Curved Sword,7060000.0,TRUE,FALSE,,,,,Carian Greatsword,4430.0
,,,,,,,,,,,,,,,,,,,,Nox Swordstress Crown,292000.0,,Rellana's Cameo,8220.0,,,,,,,,Curved Sword,Serpent-God's Curved Sword,7110000.0,TRUE,FALSE,,,,,Carian Greatsword,4430.0
,,,,,,,,,,,,,,,,,,,,Nox Swordstress Crown (Altered),294000.0,,Shattered Stone Talisman,8030.0,,,,,,,,Curved Sword,Magma Blade,7050000.0,TRUE,TRUE,,,,,Carian Greatsword,4430.0
,,,,,,,,,,,,,,,,,,,,Night Maiden Twin Crown,293000.0,,Smithing Talisman,8110.0,,,,,,,,Curved Sword,Spirit Sword,7500000.0,TRUE,TRUE,,,,,Carian Piercer,4450.0
,,,,,,,,,,,,,,,,,,,,Champion Headband,730000.0,,Enraged Divine Beast,8180.0,,,,,,,,Curved Sword,Nox Flowing Sword,2080000.0,TRUE,TRUE,,,,,Carian Piercer,4450.0
,,,,,,,,,,,,,,,,,,,,Leather Headband,5190000.0,,Talisman of the Dread,8170.0,,,,,,,,Curved Sword,Wing of Astel,7070000.0,TRUE,TRUE,,,,,Carian Piercer,4450.0
,,,,,,,,,,,,,,,,,,,,Leather Crown,5191000.0,,Bull-Goat's Talisman,1210.0,,,,,,,,Curved Sword,Falx,7510000.0,TRUE,TRUE,,,,,Carian Piercer,4450.0
,,,,,,,,,,,,,,,,,,,,Fang Helm,5021000.0,,Blue Dancer Charm,2110.0,,,,,,,,Curved Sword,Dancing Blade of Ranah,7520000.0,TRUE,TRUE,,,,,Adula's Moonblade,4431.0
,,,,,,,,,,,,,,,,,,,,Igon's Helm,5100000.0,,Verdigris Discus,8210.0,,,,,,,,Curved Sword,Horned Warrior's Sword,7530000.0,TRUE,TRUE,,,,,Adula's Moonblade,4431.0
,,,,,,,,,,,,,,,,,,,,Igon's Helm (Altered),5101000.0,,Magic Scorpion Charm,2000.0,,,,,,,,Curved Sword,Eclipse Shotel,7100000.0,TRUE,TRUE,,,,,Adula's Moonblade,4431.0
,,,,,,,,,,,,,,,,,,,,Curseblade Mask,5210000.0,,Fire Scorpion Charm,2020.0,,,,,,,,Curved Greatsword,Dismounter,8020000.0,TRUE,FALSE,,,,,Adula's Moonblade,4431.0
,,,,,,,,,,,,,,,,,,,,Pelt of Ralva,5020000.0,,Lightning Scorpion Charm,2010.0,,,,,,,,Curved Greatsword,Omen Cleaver,8060000.0,TRUE,FALSE,,,,,Adula's Moonblade,4431.0
,,,,,,,,,,,,,,,,,,,,Chain Coif,1100000.0,,Sacred Scorpion Charm,2030.0,,,,,,,,Curved Greatsword,Monk's Flameblade,8070000.0,TRUE,FALSE,,,,,Adula's Moonblade,4431.0
,,,,,,,,,,,,,,,,,,,,Iron Helmet,40000.0,,Crucible Scale Talisman,4060.0,,,,,,,,Curved Greatsword,Beastman's Cleaver,8080000.0,TRUE,FALSE,,,,,Adula's Moonblade,4431.0
,,,,,,,,,,,,,,,,,,,,Godrick Soldier Helm,1700000.0,,Crucible Feather Talisman,4070.0,,,,,,,,Curved Greatsword,Freyja's Greatsword,8510000.0,TRUE,FALSE,,,,,Lucidity,4480.0
,,,,,,,,,,,,,,,,,,,,Raya Lucarian Helm,1710000.0,,Crucible Knot Talisman,4110.0,,,,,,,,Curved Greatsword,Bloodhound's Fang,8030000.0,TRUE,TRUE,,,,,Carian Retaliation,4640.0
,,,,,,,,,,,,,,,,,,,,Radahn Soldier Helm,1730000.0,,Fine Crucible Feather Talisman,8010.0,,,,,,,,Curved Greatsword,Onyx Lord's Greatsword,8010000.0,TRUE,TRUE,,,,,Carian Retaliation,4640.0
,,,,,,,,,,,,,,,,,,,,Leyndell Soldier Helm,1720000.0,,Talisman of All Crucibles,8240.0,,,,,,,,Curved Greatsword,Zamor Curved Sword,8050000.0,TRUE,TRUE,,,,,Carian Retaliation,4640.0
,,,,,,,,,,,,,,,,,,,,Haligtree Helm,1750000.0,,Red-Feathered Branchsword,2040.0,,,,,,,,Curved Greatsword,Magma Wyrm's Scalesword,8040000.0,TRUE,TRUE,,,,,Carian Retaliation,4640.0
,,,,,,,,,,,,,,,,,,,,Messmer Soldier Helm,5140000.0,,Blue-Feathered Branchsword,4080.0,,,,,,,,Curved Greatsword,Horned Warrior's Greatsword,8520000.0,TRUE,TRUE,,,,,Carian Retaliation,4640.0
,,,,,,,,,,,,,,,,,,,,Exile Hood,190000.0,,Ritual Sword Talisman,2050.0,,,,,,,,Curved Greatsword,Morgott's Cursed Sword,8100000.0,TRUE,TRUE,,,,,Carian Retaliation,4640.0
,,,,,,,,,,,,,,,,,,,,Kaiden Helm,50000.0,,Ritual Shield Talisman,4090.0,,,,,,,,Backhand Blade,Backhand Blade,64500000.0,TRUE,FALSE,,,,,Miriam's Vanishing,2004300.0
,,,,,,,,,,,,,,,,,,,,Land of Reeds Helm,870000.0,,Assassin's Crimson Dagger,5050.0,,,,,,,,Backhand Blade,Smithscript Cirque,64510000.0,TRUE,FALSE,,,,,Ambush Shard,4600.0
,,,,,,,,,,,,,,,,,,,,Okina Mask,872000.0,,Assassin's Cerulean Dagger,5060.0,,,,,,,,Backhand Blade,Curseblade's Cirque,64520000.0,TRUE,TRUE,,,,,Night Shard,4610.0
,,,,,,,,,,,,,,,,,,,,Iron Kasa,150000.0,,Winged Sword Insignia,2080.0,,,,,,,,Katana,Uchigatana,9000000.0,TRUE,FALSE,,,,,Night Comet,4620.0
,,,,,,,,,,,,,,,,,,,,Eccentric's Hood,940000.0,,Rotten Winged Sword Insignia,2081.0,,,,,,,,Katana,Nagakiba,9010000.0,TRUE,FALSE,,,,,Night Comet,4620.0
,,,,,,,,,,,,,,,,,,,,Eccentric's Hood (Altered),941000.0,,Millicent's Prosthesis,1250.0,,,,,,,,Katana,Serpentbone Blade,9080000.0,TRUE,FALSE,,,,,Night Maiden's Mist,6500.0
,,,,,,,,,,,,,,,,,,,,Freyja's Helm,5120000.0,,Godskin Swaddling Cloth,5040.0,,,,,,,,Katana,Meteoric Ore Blade,9030000.0,TRUE,TRUE,,,,,Night Maiden's Mist,6500.0
,,,,,,,,,,,,,,,,,,,,Marionette Soldier Helm,840000.0,,Kindred of Rot's Exultation,2170.0,,,,,,,,Katana,Moonveil,9060000.0,TRUE,TRUE,,,,,Unseen Blade,4660.0
,,,,,,,,,,,,,,,,,,,,Marionette Soldier Birdhelm,850000.0,,Lord of Blood's Exultation,2160.0,,,,,,,,Katana,Sword of Night,9500000.0,TRUE,TRUE,,,,,Unseen Form,4670.0
,,,,,,,,,,,,,,,,,,,,Blue Silver Mail Hood,240000.0,,Aged One's Exultation,8060.0,,,,,,,,Katana,Rivers of Blood,9040000.0,TRUE,TRUE,,,,,Eternal Darkness,4650.0
,,,,,,,,,,,,,,,,,,,,Fire Monk Hood,350000.0,,St. Trina's Smile,8160.0,,,,,,,,Katana,Dragonscale Blade,9070000.0,TRUE,TRUE,,,,,Magma Shot,4800.0
,,,,,,,,,,,,,,,,,,,,Blackflame Monk Hood,351000.0,,Blade of Mercy,8230.0,,,,,,,,Katana,Star-Lined Sword,2520000.0,TRUE,TRUE,,,,,Magma Shot,4800.0
,,,,,,,,,,,,,,,,,,,,Zamor Mask,1070000.0,,Taker's Cameo,5030.0,,,,,,,,Katana,Hand of Malenia,9020000.0,TRUE,TRUE,,,,,Magma Shot,4800.0
,,,,,,,,,,,,,,,,,,,,Black Knife Hood,180000.0,,Ancestral Spirit's Horn,6110.0,,,,,,,,Great Katana,Great Katana,66500000.0,TRUE,FALSE,,,,,Magma Shot,4800.0
,,,,,,,,,,,,,,,,,,,,Helm of Night,5090000.0,,Crusade Insignia,8050.0,,,,,,,,Great Katana,Dragon-Hunter's Great Katana,66510000.0,TRUE,TRUE,,,,,Roiling Magma,4820.0
,,,,,,,,,,,,,,,,,,,,Malenia's Winged Helm,770000.0,,Dried Bouquet,8100.0,,,,,,,,Great Katana,Rakshasa's Great Katana,66520000.0,TRUE,TRUE,,,,,Roiling Magma,4820.0
,,,,,,,,,,,,,,,,,,,,Elden Lord Crown,460000.0,,Gold Scarab,1110.0,,,,,,,,Twinblade,Twinblade,10000000.0,TRUE,FALSE,,,,,Roiling Magma,4820.0
,,,,,,,,,,,,,,,,,,,,Messmer's Helm,5220000.0,,Silver Scarab,1100.0,,,,,,,,Twinblade,Twinned Knight Swords,10030000.0,TRUE,FALSE,,,,,Roiling Magma,4820.0
,,,,,,,,,,,,,,,,,,,,Messmer's Helm (Altered),5221000.0,,Crepus's Vial,6000.0,,,,,,,,Twinblade,Black Steel Twinblade,10510000.0,TRUE,FALSE,,,,,Roiling Magma,4820.0
,,,,,,,,,,,,,,,,,,,,Knight Helm,1500000.0,,Concealing Veil,6010.0,,,,,,,,Twinblade,Godskin Peeler,10010000.0,TRUE,FALSE,,,,,Roiling Magma,4820.0
,,,,,,,,,,,,,,,,,,,,Vagabond Knight Helm,660000.0,,Longtail Cat Talisman,6040.0,,,,,,,,Twinblade,Gargoyle's Twinblade,10080000.0,TRUE,FALSE,,,,,Gelmir's Fury,4810.0
,,,,,,,,,,,,,,,,,,,,Greathelm,1101000.0,,Furled Finger's Trick-Mirror,6080.0,,,,,,,,Twinblade,Gargoyle's Black Blades,10090000.0,TRUE,TRUE,,,,,Gelmir's Fury,4810.0
,,,,,,,,,,,,,,,,,,,,Carian Knight Helm,980000.0,,Host's Trick-Mirror,6090.0,,,,,,,,Twinblade,Eleonora's Poleblade,10050000.0,TRUE,TRUE,,,,,Gelmir's Fury,4810.0
,,,,,,,,,,,,,,,,,,,,Godrick Knight Helm,1770000.0,,Shabriri's Woe,6050.0,,,,,,,,Twinblade,Euporia,10500000.0,TRUE,TRUE,,,,,Rykard's Rancor,4830.0
,,,,,,,,,,,,,,,,,,,,Cuckoo Knight Helm,1780000.0,,Daedicar's Woe,6060.0,,,,,,,,Axe,Hand Axe,14020000.0,TRUE,FALSE,,,,,Glintstone Icecrag,4400.0
,,,,,,,,,,,,,,,,,,,,Redmane Knight Helm,1800000.0,,Sacrificial Twig,6070.0,,,,,,,,Axe,Forked Hatchet,14010000.0,TRUE,FALSE,,,,,Freezing Mist,4420.0
,,,,,,,,,,,,,,,,,,,,Gelmir Knight Helm,1760000.0,,,,,,,,,,,Axe,Forked-Tongue Hatchet,14540000.0,TRUE,FALSE,,,,,Freezing Mist,4420.0
,,,,,,,,,,,,,,,,,,,,Leyndell Knight Helm,1790000.0,,,,,,,,,,,Axe,Battle Axe,14000000.0,TRUE,FALSE,,,,,Frozen Armament,4490.0
,,,,,,,,,,,,,,,,,,,,Haligtree Knight Helm,1820000.0,,,,,,,,,,,Axe,Messmer Soldier's Axe,14520000.0,TRUE,FALSE,,,,,Zamor Ice Storm,4410.0
,,,,,,,,,,,,,,,,,,,,Black Knight Helm,5150000.0,,,,,,,,,,,Axe,Warped Axe,15010000.0,TRUE,FALSE,,,,,Zamor Ice Storm,4410.0
,,,,,,,,,,,,,,,,,,,,Bloodhound Knight Helm,790000.0,,,,,,,,,,,Axe,Jawbone Axe,14030000.0,TRUE,FALSE,,,,,Zamor Ice Storm,4410.0
,,,,,,,,,,,,,,,,,,,,Cleanrot Helm,340000.0,,,,,,,,,,,Axe,Iron Cleaver,14040000.0,TRUE,FALSE,,,,,Zamor Ice Storm,4410.0
,,,,,,,,,,,,,,,,,,,,Cleanrot Helm (Altered),341000.0,,,,,,,,,,,Axe,Highland Axe,14100000.0,TRUE,FALSE,,,,,Shattering Crystal,4500.0
,,,,,,,,,,,,,,,,,,,,Fire Knight Helm,5180000.0,,,,,,,,,,,Axe,Smithscript Axe,14500000.0,TRUE,FALSE,,,,,Shattering Crystal,4500.0
,,,,,,,,,,,,,,,,,,,,Winged Serpent Helm,5183000.0,,,,,,,,,,,Axe,Celebrant's Cleaver,14060000.0,TRUE,FALSE,,,,,Shattering Crystal,4500.0
,,,,,,,,,,,,,,,,,,,,Death Mask Helm,5182000.0,,,,,,,,,,,Axe,Sacrificial Axe,14110000.0,TRUE,FALSE,,,,,Shattering Crystal,4500.0
,,,,,,,,,,,,,,,,,,,,Salza's Hood,5184000.0,,,,,,,,,,,Axe,Icerind Hatchet,14080000.0,TRUE,TRUE,,,,,Shattering Crystal,4500.0
,,,,,,,,,,,,,,,,,,,,Death Knight Helm,5200000.0,,,,,,,,,,,Axe,Ripple Blade,14050000.0,TRUE,FALSE,,,,,Shattering Crystal,4500.0
,,,,,,,,,,,,,,,,,,,,Horned Warrior Helm,5250000.0,,,,,,,,,,,Axe,Stormhawk Axe,14140000.0,TRUE,TRUE,,,,,Crystal Torrent,4520.0
,,,,,,,,,,,,,,,,,,,,Divine Beast Helm,5252000.0,,,,,,,,,,,Axe,Rosus' Axe,14120000.0,TRUE,TRUE,,,,,Crystal Torrent,4520.0
,,,,,,,,,,,,,,,,,,,,Divine Bird Helm,5253000.0,,,,,,,,,,,Axe,Death Knight's Twin Axes,14510000.0,TRUE,TRUE,,,,,Crystal Release,4510.0
,,,,,,,,,,,,,,,,,,,,Oathseeker Knight Helm,5000000.0,,,,,,,,,,,Greataxe,Greataxe,15000000.0,TRUE,FALSE,,,,,Crystal Release,4510.0
,,,,,,,,,,,,,,,,,,,,Raging Wolf Helm,860000.0,,,,,,,,,,,Greataxe,Crescent Moon Axe,15030000.0,TRUE,FALSE,,,,,Gravity Well,4720.0
,,,,,,,,,,,,,,,,,,,,Hoslow's Helm,650000.0,,,,,,,,,,,Greataxe,Longhaft Axe,15050000.0,TRUE,FALSE,,,,,Gravity Well,4720.0
,,,,,,,,,,,,,,,,,,,,Diallos's Mask,651000.0,,,,,,,,,,,Greataxe,Executioner's Greataxe,15080000.0,TRUE,FALSE,,,,,Collapsing Stars,4721.0
,,,,,,,,,,,,,,,,,,,,Twinned Helm,600000.0,,,,,,,,,,,Greataxe,Great Omenkiller Cleaver,15020000.0,TRUE,FALSE,,,,,Collapsing Stars,4721.0
,,,,,,,,,,,,,,,,,,,,Drake Knight Helm,60000.0,,,,,,,,,,,Greataxe,Rusted Anchor,15060000.0,TRUE,FALSE,,,,,Collapsing Stars,4721.0
,,,,,,,,,,,,,,,,,,,,Drake Knight Helm (Altered),61000.0,,,,,,,,,,,Greataxe,Butchering Knife,15120000.0,TRUE,FALSE,,,,,Collapsing Stars,4721.0
,,,,,,,,,,,,,,,,,,,,Briar Helm,210000.0,,,,,,,,,,,Greataxe,Bonny Butchering Knife,15510000.0,TRUE,TRUE,,,,,Gravitational Missile,2004710.0
,,,,,,,,,,,,,,,,,,,,Fingerprint Helm,950000.0,,,,,,,,,,,Greataxe,Gargoyle's Great Axe,15130000.0,TRUE,FALSE,,,,,Gravitational Missile,2004710.0
,,,,,,,,,,,,,,,,,,,,Rakshasa Helm,5160000.0,,,,,,,,,,,Greataxe,Gargoyle's Black Axe,15140000.0,TRUE,TRUE,,,,,Gravitational Missile,2004710.0
,,,,,,,,,,,,,,,,,,,,Royal Remains Helm,690000.0,,,,,,,,,,,Greataxe,Death Knight's Longhaft Axe,15500000.0,TRUE,TRUE,,,,,Gravitational Missile,2004710.0
,,,,,,,,,,,,,,,,,,,,All-Knowing Helm,590000.0,,,,,,,,,,,Greataxe,Winged Greathorn,15110000.0,TRUE,TRUE,,,,,Rock Sling,4710.0
,,,,,,,,,,,,,,,,,,,,Royal Knight Helm,280000.0,,,,,,,,,,,Greataxe,Axe of Godrick,15040000.0,TRUE,TRUE,,,,,Blades of Stone,2004700.0
,,,,,,,,,,,,,,,,,,,,Rellana's Helm,5260000.0,,,,,,,,,,,Greataxe,Putrescence Cleaver,8500000.0,TRUE,TRUE,,,,,Blades of Stone,2004700.0
,,,,,,,,,,,,,,,,,,,,Maliketh's Helm,760000.0,,,,,,,,,,,Hammer,Club,11010000.0,TRUE,FALSE,,,,,Blades of Stone,2004700.0
,,,,,,,,,,,,,,,,,,,,Banished Knight Helm,200000.0,,,,,,,,,,,Hammer,Curved Club,11030000.0,TRUE,FALSE,,,,,Meteorite,4700.0
,,,,,,,,,,,,,,,,,,,,Banished Knight Helm (Altered),201000.0,,,,,,,,,,,Hammer,Spiked Club,11070000.0,TRUE,FALSE,,,,,Meteorite,4700.0
,,,,,,,,,,,,,,,,,,,,Night's Cavalry Helm,230000.0,,,,,,,,,,,Hammer,Stone Club,11140000.0,TRUE,FALSE,,,,,Meteorite of Astel,4701.0
,,,,,,,,,,,,,,,,,,,,Night's Cavalry Helm (Altered),231000.0,,,,,,,,,,,Hammer,Mace,11000000.0,TRUE,FALSE,,,,,Meteorite of Astel,4701.0
,,,,,,,,,,,,,,,,,,,,Helm of Solitude,5130000.0,,,,,,,,,,,Hammer,Morning Star,11050000.0,TRUE,FALSE,,,,,Glintstone Nail,2004500.0
,,,,,,,,,,,,,,,,,,,,Veteran's Helm,780000.0,,,,,,,,,,,Hammer,Warpick,11040000.0,TRUE,FALSE,,,,,Glintstone Nail,2004500.0
,,,,,,,,,,,,,,,,,,,,Scaled Helm,80000.0,,,,,,,,,,,Hammer,Hammer,11080000.0,TRUE,FALSE,,,,,Glintstone Nails,2004510.0
,,,,,,,,,,,,,,,,,,,,Beast Champion Helm,720000.0,,,,,,,,,,,Hammer,Monk's Flamemace,11090000.0,TRUE,FALSE,,,,,Glintstone Nails,2004510.0
,,,,,,,,,,,,,,,,,,,,Tree Sentinel Helm,270000.0,,,,,,,,,,,Hammer,Varré's Bouquet,11060000.0,TRUE,TRUE,,,,,Fleeting Microcosm,2007410.0
,,,,,,,,,,,,,,,,,,,,Malformed Dragon Helm,260000.0,,,,,,,,,,,Hammer,Envoy's Horn,11100000.0,TRUE,TRUE,,,,,Fleeting Microcosm,2007410.0
,,,,,,,,,,,,,,,,,,,,Crucible Axe Helm,570000.0,,,,,,,,,,,Hammer,Nox Flowing Hammer,11120000.0,TRUE,TRUE,,,,,Fleeting Microcosm,2007410.0
,,,,,,,,,,,,,,,,,,,,Crucible Tree Helm,571000.0,,,,,,,,,,,Hammer,Ringed Finger,11130000.0,TRUE,TRUE,,,,,Fleeting Microcosm,2007410.0
,,,,,,,,,,,,,,,,,,,,Crucible Hammer-Helm,5310000.0,,,,,,,,,,,Hammer,Scepter of the All-Knowing,11110000.0,TRUE,TRUE,,,,,Cherishing Fingers,2007420.0
,,,,,,,,,,,,,,,,,,,,Gaius's Helm,3010000.0,,,,,,,,,,,Hammer,Flowerstone Gavel,11500000.0,TRUE,TRUE,,,,,Cherishing Fingers,2007420.0
,,,,,,,,,,,,,,,,,,,,Radahn's Redmane Helm,470000.0,,,,,,,,,,,Hammer,Marika's Hammer,11150000.0,TRUE,TRUE,,,,,Oracle Bubbles,5100.0
,,,,,,,,,,,,,,,,,,,,Young Lion's Helm,5270000.0,,,,,,,,,,,Flail,Flail,13010000.0,TRUE,FALSE,,,,,Oracle Bubbles,5100.0
,,,,,,,,,,,,,,,,,,,,Lionel's Helm,640000.0,,,,,,,,,,,Flail,Nightrider Flail,13000000.0,TRUE,FALSE,,,,,Great Oracular Bubble,5110.0
,,,,,,,,,,,,,,,,,,,,Bull-Goat Helm,140000.0,,,,,,,,,,,Flail,Chainlink Flail,13040000.0,TRUE,FALSE,,,,,Great Oracular Bubble,5110.0
,,,,,,,,,,,,,,,,,,,,Verdigris Helm,5010000.0,,,,,,,,,,,Flail,Family Heads,13020000.0,TRUE,TRUE,,,,,Briars of Sin,4900.0
,,,,,,,,,,,,,,,,,,,,Omen Helm,970000.0,,,,,,,,,,,Flail,Serpent Flail,13500000.0,TRUE,TRUE,,,,,Briars of Sin,4900.0
,,,,,,,,,,,,,,,,,,,,Fire Prelate Helm,360000.0,,,,,,,,,,,Flail,Bastard's Stars,13030000.0,TRUE,TRUE,,,,,Briars of Sin,4900.0
,,,,,,,,,,,,,,,,,,,,Pumpkin Helm,440000.0,,,,,,,,,,,Great Hammer,Large Club,12000000.0,TRUE,FALSE,,,,,Briars of Punishment,4910.0
,,,,,,,,,,,,,,,,,,,,Divine Beast Head,5290000.0,,,,,,,,,,,Great Hammer,Curved Great Club,12080000.0,TRUE,FALSE,,,,,Mantle of Thorns,2004900.0
,,,,,,,,,,,,,,,,,,,,Cloth Garb,160100.0,,,,,,,,,,,Great Hammer,Great Mace,12060000.0,TRUE,FALSE,,,,,Impenetrable Thorns,2004910.0
,,,,,,,,,,,,,,,,,,,,Traveler's Clothes,1020100.0,,,,,,,,,,,Great Hammer,Pickaxe,12140000.0,TRUE,FALSE,,,,,Rancorcall,5000.0
,,,,,,,,,,,,,,,,,,,,Commoner's Simple Garb,812000.0,,,,,,,,,,,Great Hammer,Brick Hammer,12190000.0,TRUE,FALSE,,,,,Rancorcall,5000.0
,,,,,,,,,,,,,,,,,,,,Commoner's Simple Garb (Altered),812100.0,,,,,,,,,,,Great Hammer,Battle Hammer,12020000.0,TRUE,FALSE,,,,,Ancient Death Rancor,5001.0
,,,,,,,,,,,,,,,,,,,,Commoner's Garb,810100.0,,,,,,,,,,,Great Hammer,Rotten Battle Hammer,12210000.0,TRUE,FALSE,,,,,Ancient Death Rancor,5001.0
,,,,,,,,,,,,,,,,,,,,Commoner's Garb (Altered),811100.0,,,,,,,,,,,Great Hammer,Celebrant's Skull,12130000.0,TRUE,FALSE,,,,,Rings of Spectral Light,2005000.0
,,,,,,,,,,,,,,,,,,,,Aristocrat Garb,370100.0,,,,,,,,,,,Great Hammer,Great Stars,12180000.0,TRUE,FALSE,,,,,Rings of Spectral Light,2005000.0
,,,,,,,,,,,,,,,,,,,,Aristocrat Garb (Altered),371100.0,,,,,,,,,,,Great Hammer,Black Steel Greathammer,12520000.0,TRUE,FALSE,,,,,Explosive Ghostflame,5010.0
,,,,,,,,,,,,,,,,,,,,Aristocrat Coat,380100.0,,,,,,,,,,,Great Hammer,Smithscript Greathammer,12500000.0,TRUE,FALSE,,,,,Explosive Ghostflame,5010.0
,,,,,,,,,,,,,,,,,,,,Old Aristocrat Gown,390100.0,,,,,,,,,,,Great Hammer,Greathorn Hammer,12010000.0,TRUE,FALSE,,,,,Fia's Mist,5020.0
,,,,,,,,,,,,,,,,,,,,Page Garb,220100.0,,,,,,,,,,,Great Hammer,Envoy's Long Horn,12160000.0,TRUE,TRUE,,,,,Fia's Mist,5020.0
,,,,,,,,,,,,,,,,,,,,Page Garb (Altered),221100.0,,,,,,,,,,,Great Hammer,Cranial Vessel Candlestand,12170000.0,TRUE,TRUE,,,,,Tibia's Summons,5030.0
,,,,,,,,,,,,,,,,,,,,High Page Clothes,1990100.0,,,,,,,,,,,Great Hammer,Beastclaw Greathammer,12150000.0,TRUE,TRUE,,,,,Mass of Putrescence,2006210.0
,,,,,,,,,,,,,,,,,,,,High Page Clothes (Altered),1991100.0,,,,,,,,,,,Great Hammer,Devourer's Scepter,12200000.0,TRUE,TRUE,,,,,Mass of Putrescence,2006210.0
,,,,,,,,,,,,,,,,,,,,Guardian Garb,331100.0,,,,,,,,,,,Colossal Weapon,Duelist Greataxe,23040000.0,TRUE,FALSE,,,,,Mass of Putrescence,2006210.0
,,,,,,,,,,,,,,,,,,,,Guardian Garb (Full Bloom),330100.0,,,,,,,,,,,Colossal Weapon,Rotten Greataxe,23150000.0,TRUE,FALSE,,,,,Mass of Putrescence,2006210.0
,,,,,,,,,,,,,,,,,,,,Festive Garb,800100.0,,,,,,,,,,,Colossal Weapon,Golem's Halberd,23120000.0,TRUE,FALSE,,,,,Vortex of Putrescence,2006200.0
,,,,,,,,,,,,,,,,,,,,Festive Garb (Altered),801100.0,,,,,,,,,,,Colossal Weapon,Giant-Crusher,23110000.0,TRUE,FALSE,,,,,Urgent Heal,6420.0
,,,,,,,,,,,,,,,,,,,,Blue Festive Garb,802100.0,,,,,,,,,,,Colossal Weapon,Prelate's Inferno Crozier,23000000.0,TRUE,FALSE,,,,,Heal,6421.0
,,,,,,,,,,,,,,,,,,,,Prisoner Clothing,890100.0,,,,,,,,,,,Colossal Weapon,Great Club,23020000.0,TRUE,FALSE,,,,,Heal,6421.0
,,,,,,,,,,,,,,,,,,,,Braided Cord Robe,5070100.0,,,,,,,,,,,Colossal Weapon,Troll's Hammer,23130000.0,TRUE,FALSE,,,,,Heal,6421.0
,,,,,,,,,,,,,,,,,,,,Mushroom Body,1130100.0,,,,,,,,,,,Colossal Weapon,Dragon Greatclaw,23060000.0,TRUE,TRUE,,,,,Great Heal,6422.0
,,,,,,,,,,,,,,,,,,,,Astrologer Robe,630100.0,,,,,,,,,,,Colossal Weapon,Bloodfiend's Arm,12530000.0,TRUE,FALSE,,,,,Great Heal,6422.0
,,,,,,,,,,,,,,,,,,,,Astrologer Robe (Altered),631100.0,,,,,,,,,,,Colossal Weapon,Watchdog's Staff,23010000.0,TRUE,TRUE,,,,,Great Heal,6422.0
,,,,,,,,,,,,,,,,,,,,Juvenile Scholar Robe,1030100.0,,,,,,,,,,,Colossal Weapon,Staff of the Avatar,23070000.0,TRUE,TRUE,,,,,Lord's Heal,6423.0
,,,,,,,,,,,,,,,,,,,,Raya Lucarian Robe,830100.0,,,,,,,,,,,Colossal Weapon,Rotten Staff,23140000.0,TRUE,TRUE,,,,,Lord's Heal,6423.0
,,,,,,,,,,,,,,,,,,,,Lazuli Robe,2030000.0,,,,,,,,,,,Colossal Weapon,Envoy's Greathorn,23030000.0,TRUE,TRUE,,,,,Lord's Heal,6423.0
,,,,,,,,,,,,,,,,,,,,Battlemage Robe,1000100.0,,,,,,,,,,,Colossal Weapon,Ghiza's Wheel,23100000.0,TRUE,TRUE,,,,,Cure Poison,6440.0
,,,,,,,,,,,,,,,,,,,,Errant Sorcerer Robe,990100.0,,,,,,,,,,,Colossal Weapon,Fallingstar Beast Jaw,23080000.0,TRUE,TRUE,,,,,Lord's Aid,6441.0
,,,,,,,,,,,,,,,,,,,,Errant Sorcerer Robe (Altered),991100.0,,,,,,,,,,,Colossal Weapon,Anvil Hammer,12510000.0,TRUE,TRUE,,,,,Magic Fortification,6460.0
,,,,,,,,,,,,,,,,,,,,Spellblade's Traveling Attire,130100.0,,,,,,,,,,,Colossal Weapon,Devonia's Hammer,23500000.0,TRUE,TRUE,,,,,Flame Fortification,6450.0
,,,,,,,,,,,,,,,,,,,,Spellblade's Traveling Attire (Altered),131100.0,,,,,,,,,,,Colossal Weapon,Axe of Godfrey,23050000.0,TRUE,TRUE,,,,,Lightning Fortification,6470.0
,,,,,,,,,,,,,,,,,,,,Alberich's Robe,120100.0,,,,,,,,,,,Colossal Weapon,Shadow Sunflower Blossom,23510000.0,TRUE,TRUE,,,,,Divine Fortification,6480.0
,,,,,,,,,,,,,,,,,,,,Alberich's Robe (Altered),121100.0,,,,,,,,,,,Colossal Weapon,Gazing Finger,23520000.0,TRUE,TRUE,,,,,Lord's Divine Fortification,6490.0
,,,,,,,,,,,,,,,,,,,,Preceptor's Long Gown,910100.0,,,,,,,,,,,Spear,Short Spear,16000000.0,TRUE,FALSE,,,,,Rejection,6400.0
,,,,,,,,,,,,,,,,,,,,Preceptor's Long Gown (Altered),911100.0,,,,,,,,,,,Spear,Iron Spear,16150000.0,TRUE,FALSE,,,,,Rejection,6400.0
,,,,,,,,,,,,,,,,,,,,Azur's Glintstone Robe,581100.0,,,,,,,,,,,Spear,Spear,16010000.0,TRUE,FALSE,,,,,Shadow Bait,6520.0
,,,,,,,,,,,,,,,,,,,,Lusat's Robe,580100.0,,,,,,,,,,,Spear,Partisan,16050000.0,TRUE,FALSE,,,,,Shadow Bait,6520.0
,,,,,,,,,,,,,,,,,,,,Queen's Robe,510100.0,,,,,,,,,,,Spear,Pike,16070000.0,TRUE,FALSE,,,,,Darkness,6530.0
,,,,,,,,,,,,,,,,,,,,Snow Witch Robe,1010100.0,,,,,,,,,,,Spear,Swift Spear,16520000.0,TRUE,FALSE,,,,,Darkness,6530.0
,,,,,,,,,,,,,,,,,,,,Snow Witch Robe (Altered),1011100.0,,,,,,,,,,,Spear,Spiked Spear,16140000.0,TRUE,FALSE,,,,,Assassin's Approach,6510.0
,,,,,,,,,,,,,,,,,,,,High Priest Robe,5060100.0,,,,,,,,,,,Spear,Cross-Naginata,16110000.0,TRUE,FALSE,,,,,Golden Vow,6600.0
,,,,,,,,,,,,,,,,,,,,Finger Robe,5062100.0,,,,,,,,,,,Spear,Clayman's Harpoon,16030000.0,TRUE,FALSE,,,,,Barrier of Gold,6330.0
,,,,,,,,,,,,,,,,,,,,Fia's Robe,1940100.0,,,,,,,,,,,Spear,Bloodfiend's Fork,16540000.0,TRUE,FALSE,,,,,Golden Lightning Fortification,7903.0
,,,,,,,,,,,,,,,,,,,,Fia's Robe (Altered),1941100.0,,,,,,,,,,,Spear,Celebrant's Rib-Rake,16060000.0,TRUE,FALSE,,,,,Protection of the Erdtree,6340.0
,,,,,,,,,,,,,,,,,,,,Deathbed Dress,1930100.0,,,,,,,,,,,Spear,Torchpole,16080000.0,TRUE,FALSE,,,,,Wrath of Gold,6410.0
,,,,,,,,,,,,,,,,,,,,Prophet Robe,622100.0,,,,,,,,,,,Spear,Smithscript Spear,16500000.0,TRUE,FALSE,,,,,Wrath of Gold,6410.0
,,,,,,,,,,,,,,,,,,,,Prophet Robe (Altered),621100.0,,,,,,,,,,,Spear,Inquisitor's Girandole,16130000.0,TRUE,TRUE,,,,,Wrath from Afar,2006690.0
,,,,,,,,,,,,,,,,,,,,Corhyn's Robe,620100.0,,,,,,,,,,,Spear,Crystal Spear,16020000.0,TRUE,TRUE,,,,,Wrath from Afar,2006690.0
,,,,,,,,,,,,,,,,,,,,Traveling Maiden Robe,900100.0,,,,,,,,,,,Spear,Rotten Crystal Spear,16160000.0,TRUE,TRUE,,,,,Heal from Afar,2006400.0
,,,,,,,,,,,,,,,,,,,,Traveling Maiden Robe (Altered),901100.0,,,,,,,,,,,Spear,Cleanrot Spear,16040000.0,TRUE,TRUE,,,,,Heal from Afar,2006400.0
,,,,,,,,,,,,,,,,,,,,Finger Maiden Robe,902100.0,,,,,,,,,,,Spear,Death Ritual Spear,16120000.0,TRUE,TRUE,,,,,Heal from Afar,2006400.0
,,,,,,,,,,,,,,,,,,,,Finger Maiden Robe (Altered),903100.0,,,,,,,,,,,Spear,Bolt of Gransax,16090000.0,TRUE,TRUE,,,,,Erdtree Heal,6424.0
,,,,,,,,,,,,,,,,,,,,Dryleaf Robe,3000100.0,,,,,,,,,,,Great Spear,Lance,17060000.0,TRUE,FALSE,,,,,Erdtree Heal,6424.0
,,,,,,,,,,,,,,,,,,,,Dryleaf Robe (Altered),3001100.0,,,,,,,,,,,Great Spear,Messmer Soldier's Spear,17510000.0,TRUE,FALSE,,,,,Erdtree Heal,6424.0
,,,,,,,,,,,,,,,,,,,,Sage Robe,430100.0,,,,,,,,,,,Great Spear,Treespear,17070000.0,TRUE,FALSE,,,,,Blessing's Boon,6430.0
,,,,,,,,,,,,,,,,,,,,Goldmask's Rags,1040100.0,,,,,,,,,,,Great Spear,Serpent-Hunter,17030000.0,TRUE,TRUE,,,,,Blessing's Boon,6430.0
,,,,,,,,,,,,,,,,,,,,Perfumer Robe,90100.0,,,,,,,,,,,Great Spear,Siluria's Tree,17020000.0,TRUE,TRUE,,,,,Blessing's Boon,6430.0
,,,,,,,,,,,,,,,,,,,,Perfumer Robe (Altered),91100.0,,,,,,,,,,,Great Spear,Vyke's War Spear,17050000.0,TRUE,TRUE,,,,,Blessing of the Erdtree,6431.0
,,,,,,,,,,,,,,,,,,,,Perfumer's Traveling Garb,100100.0,,,,,,,,,,,Great Spear,Barbed Staff-Spear,17520000.0,TRUE,TRUE,,,,,Blessing of the Erdtree,6431.0
,,,,,,,,,,,,,,,,,,,,Perfumer's Traveling Garb (Altered),101100.0,,,,,,,,,,,Great Spear,Bloodfiend's Sacred Spear,16550000.0,TRUE,TRUE,,,,,Blessing of the Erdtree,6431.0
,,,,,,,,,,,,,,,,,,,,Depraved Perfumer Robe,540100.0,,,,,,,,,,,Great Spear,Mohgwyn's Sacred Spear,17010000.0,TRUE,TRUE,,,,,Minor Erdtree,2006670.0
,,,,,,,,,,,,,,,,,,,,Depraved Perfumer Robe (Altered),541100.0,,,,,,,,,,,Great Spear,Spear of the Impaler,17500000.0,TRUE,TRUE,,,,,Minor Erdtree,2006670.0
,,,,,,,,,,,,,,,,,,,,Upper-Class Robe,962100.0,,,,,,,,,,,Halberd,Halberd,18000000.0,TRUE,FALSE,,,,,Aspects of the Crucible: Breath,7520.0
,,,,,,,,,,,,,,,,,,,,Ruler's Robe,961100.0,,,,,,,,,,,Halberd,Banished Knight's Halberd,18030000.0,TRUE,FALSE,,,,,Aspects of the Crucible: Tail,7500.0
,,,,,,,,,,,,,,,,,,,,Consort's Robe,960100.0,,,,,,,,,,,Halberd,Lucerne,18020000.0,TRUE,FALSE,,,,,Aspects of the Crucible: Tail,7500.0
,,,,,,,,,,,,,,,,,,,,Official's Attire,964100.0,,,,,,,,,,,Halberd,Glaive,18090000.0,TRUE,FALSE,,,,,Aspects of the Crucible: Horns,7510.0
,,,,,,,,,,,,,,,,,,,,Marais Robe,963100.0,,,,,,,,,,,Halberd,Vulgar Militia Shotel,18130000.0,TRUE,FALSE,,,,,Aspects of the Crucible: Horns,7510.0
,,,,,,,,,,,,,,,,,,,,Fur Raiment,300100.0,,,,,,,,,,,Halberd,Vulgar Militia Saw,18070000.0,TRUE,FALSE,,,,,Aspects of the Crucible: Horns,7510.0
,,,,,,,,,,,,,,,,,,,,Shaman Furs,301100.0,,,,,,,,,,,Halberd,Guardian's Swordspear,18110000.0,TRUE,FALSE,,,,,Aspects of the Crucible: Horns,7510.0
,,,,,,,,,,,,,,,,,,,,Godskin Apostle Robe,520100.0,,,,,,,,,,,Halberd,Gargoyle's Halberd,18150000.0,TRUE,FALSE,,,,,Aspects of the Crucible: Thorns,2006650.0
,,,,,,,,,,,,,,,,,,,,Godskin Noble Robe,530100.0,,,,,,,,,,,Halberd,Gargoyle's Black Halberd,18160000.0,TRUE,TRUE,,,,,Aspects of the Crucible: Thorns,2006650.0
,,,,,,,,,,,,,,,,,,,,Fell Omen Cloak,1050100.0,,,,,,,,,,,Halberd,Nightrider Glaive,18050000.0,TRUE,FALSE,,,,,Aspects of the Crucible: Bloom,2006660.0
,,,,,,,,,,,,,,,,,,,,Sanguine Noble Robe,320100.0,,,,,,,,,,,Halberd,Pest's Glaive,18010000.0,TRUE,FALSE,,,,,Aspects of the Crucible: Bloom,2006660.0
,,,,,,,,,,,,,,,,,,,,Ansbach's Attire,5110100.0,,,,,,,,,,,Halberd,Ripple Crescent Halberd,18060000.0,TRUE,FALSE,,,,,Land of Shadow,2006680.0
,,,,,,,,,,,,,,,,,,,,Ansbach's Attire (Altered),5111100.0,,,,,,,,,,,Halberd,Golden Halberd,18080000.0,TRUE,TRUE,,,,,Land of Shadow,2006680.0
,,,,,,,,,,,,,,,,,,,,Lord of Blood's Robe,480100.0,,,,,,,,,,,Halberd,Dragon Halberd,18140000.0,TRUE,TRUE,,,,,Elden Stars,6720.0
,,,,,,,,,,,,,,,,,,,,Lord of Blood's Robe (Altered),481100.0,,,,,,,,,,,Halberd,Loretta's War Sickle,18100000.0,TRUE,TRUE,,,,,Elden Stars,6720.0
,,,,,,,,,,,,,,,,,,,,Leather Armor,1400100.0,,,,,,,,,,,Halberd,Commander's Standard,18040000.0,TRUE,TRUE,,,,,Elden Stars,6720.0
,,,,,,,,,,,,,,,,,,,,Blue Cloth Vest,670100.0,,,,,,,,,,,Halberd,Spirit Glaive,18500000.0,TRUE,TRUE,,,,,Black Blade,7530.0
,,,,,,,,,,,,,,,,,,,,Noble's Traveling Garb,740100.0,,,,,,,,,,,Halberd,Poleblade of the Bud,18510000.0,TRUE,TRUE,,,,,Black Blade,7530.0
,,,,,,,,,,,,,,,,,,,,War Surgeon Gown,680100.0,,,,,,,,,,,Reaper,Scythe,19000000.0,TRUE,FALSE,,,,,Black Blade,7530.0
,,,,,,,,,,,,,,,,,,,,War Surgeon Gown (Altered),681100.0,,,,,,,,,,,Reaper,Grave Scythe,19010000.0,TRUE,FALSE,,,,,Black Blade,7530.0
,,,,,,,,,,,,,,,,,,,,Thiollier's Garb,5030100.0,,,,,,,,,,,Reaper,Halo Scythe,19020000.0,TRUE,TRUE,,,,,Black Blade,7530.0
,,,,,,,,,,,,,,,,,,,,Thiollier's Garb (Altered),5031100.0,,,,,,,,,,,Reaper,Winged Scythe,19060000.0,TRUE,TRUE,,,,,Black Blade,7530.0
,,,,,,,,,,,,,,,,,,,,Nomadic Merchant's Finery,250100.0,,,,,,,,,,,Reaper,Obsidian Lamina,19500000.0,TRUE,TRUE,,,,,Black Blade,7530.0
,,,,,,,,,,,,,,,,,,,,Nomadic Merchant's Finery (Altered),251100.0,,,,,,,,,,,Whip,Whip,20000000.0,TRUE,FALSE,,,,,Black Blade,7530.0
,,,,,,,,,,,,,,,,,,,,Bandit Garb,931100.0,,,,,,,,,,,Whip,Thorned Whip,20020000.0,TRUE,FALSE,,,,,Discus of Light,6700.0
,,,,,,,,,,,,,,,,,,,,Confessor Armor,880100.0,,,,,,,,,,,Whip,Urumi,20070000.0,TRUE,FALSE,,,,,Discus of Light,6700.0
,,,,,,,,,,,,,,,,,,,,Confessor Armor (Altered),881100.0,,,,,,,,,,,Whip,Hoslow's Petal Whip,20050000.0,TRUE,FALSE,,,,,Discus of Light,6700.0
,,,,,,,,,,,,,,,,,,,,Omenkiller Robe,1890100.0,,,,,,,,,,,Whip,Tooth Whip,20500000.0,TRUE,TRUE,,,,,Discus of Light,6700.0
,,,,,,,,,,,,,,,,,,,,Raptor's Black Feathers,930100.0,,,,,,,,,,,Whip,Magma Whip Candlestick,20030000.0,TRUE,TRUE,,,,,Triple Rings of Light,6701.0
,,,,,,,,,,,,,,,,,,,,Gravebird Armor,5231100.0,,,,,,,,,,,Whip,Giant's Red Braid,20060000.0,TRUE,TRUE,,,,,Triple Rings of Light,6701.0
,,,,,,,,,,,,,,,,,,,,Gravebird's Blackquill Armor,5230100.0,,,,,,,,,,,Fist,Unarmed,110000.0,FALSE,FALSE,,,,,Triple Rings of Light,6701.0
,,,,,,,,,,,,,,,,,,,,Dancer's Dress,5080100.0,,,,,,,,,,,Fist,Caestus,21000000.0,TRUE,FALSE,,,,,Triple Rings of Light,6701.0
,,,,,,,,,,,,,,,,,,,,Dancer's Dress (Altered),5081100.0,,,,,,,,,,,Fist,Spiked Caestus,21010000.0,TRUE,FALSE,,,,,Triple Rings of Light,6701.0
,,,,,,,,,,,,,,,,,,,,Foot Soldier Tabard,1840100.0,,,,,,,,,,,Fist,Katar,21100000.0,TRUE,FALSE,,,,,Radagon's Rings of Light,6710.0
,,,,,,,,,,,,,,,,,,,,Leather-Draped Tabard,1850100.0,,,,,,,,,,,Fist,Pata,21510000.0,TRUE,FALSE,,,,,Radagon's Rings of Light,6710.0
,,,,,,,,,,,,,,,,,,,,Chain-Draped Tabard,1830100.0,,,,,,,,,,,Fist,Iron Ball,21070000.0,TRUE,FALSE,,,,,Multilayered Ring of Light,2006710.0
,,,,,,,,,,,,,,,,,,,,Ivory-Draped Tabard,1880100.0,,,,,,,,,,,Fist,Star Fist,21080000.0,TRUE,FALSE,,,,,Multilayered Ring of Light,2006710.0
,,,,,,,,,,,,,,,,,,,,Scarlet Tabard,1860100.0,,,,,,,,,,,Fist,Clinging Bone,21110000.0,TRUE,TRUE,,,,,Multilayered Ring of Light,2006710.0
,,,,,,,,,,,,,,,,,,,,Bloodsoaked Tabard,1870100.0,,,,,,,,,,,Fist,Veteran's Prosthesis,21120000.0,TRUE,TRUE,,,,,Multilayered Ring of Light,2006710.0
,,,,,,,,,,,,,,,,,,,,Highwayman Cloth Armor,1980100.0,,,,,,,,,,,Fist,Cipher Pata,21130000.0,TRUE,TRUE,,,,,Litany of Proper Death,6750.0
,,,,,,,,,,,,,,,,,,,,Common Soldier Cloth Armor,5240100.0,,,,,,,,,,,Fist,Poisoned Hand,21520000.0,TRUE,TRUE,,,,,Order Healing,6780.0
,,,,,,,,,,,,,,,,,,,,Vulgar Militia Armor,420100.0,,,,,,,,,,,Fist,Madding Hand,21530000.0,TRUE,TRUE,,,,,Order's Blade,6770.0
,,,,,,,,,,,,,,,,,,,,Shadow Militiaman Armor,5280100.0,,,,,,,,,,,Fist,Thiollier's Hidden Needle,21500000.0,TRUE,TRUE,,,,,Immutable Shield,6740.0
,,,,,,,,,,,,,,,,,,,,Gravekeeper Cloak,310100.0,,,,,,,,,,,Fist,Golem Fist,21540000.0,TRUE,FALSE,,,,,Law of Causality,6760.0
,,,,,,,,,,,,,,,,,,,,Gravekeeper Cloak (Altered),311100.0,,,,,,,,,,,Fist,Grafted Dragon,21060000.0,TRUE,TRUE,,,,,Law of Causality,6760.0
,,,,,,,,,,,,,,,,,,,,Rotten Gravekeeper Cloak,2000100.0,,,,,,,,,,,Hand-to-Hand,Dryleaf Arts,60500000.0,TRUE,FALSE,,,,,Law of Regression,6730.0
,,,,,,,,,,,,,,,,,,,,Rotten Gravekeeper Cloak (Altered),2001100.0,,,,,,,,,,,Hand-to-Hand,Dane's Footwork,60510000.0,TRUE,FALSE,,,,,Law of Regression,6730.0
,,,,,,,,,,,,,,,,,,,,Nox Monk Armor,290100.0,,,,,,,,,,,Claw,Hookclaws,22000000.0,TRUE,FALSE,,,,,Law of Regression,6730.0
,,,,,,,,,,,,,,,,,,,,Nox Monk Armor (Altered),291100.0,,,,,,,,,,,Claw,Bloodhound Claws,22020000.0,TRUE,FALSE,,,,,Law of Regression,6730.0
,,,,,,,,,,,,,,,,,,,,Nox Swordstress Armor,292100.0,,,,,,,,,,,Claw,Venomous Fang,22010000.0,TRUE,FALSE,,,,,Law of Regression,6730.0
,,,,,,,,,,,,,,,,,,,,Nox Swordstress Armor (Altered),294100.0,,,,,,,,,,,Claw,Raptor Talons,22030000.0,TRUE,FALSE,,,,,Law of Regression,6730.0
,,,,,,,,,,,,,,,,,,,,Night Maiden Armor,293100.0,,,,,,,,,,,Claw,Claws of Night,22500000.0,TRUE,TRUE,,,,,Law of Regression,6730.0
,,,,,,,,,,,,,,,,,,,,Champion Pauldron,730100.0,,,,,,,,,,,Beast Claw,Beast Claw,68500000.0,TRUE,FALSE,,,,,Light of Miquella,2006700.0
,,,,,,,,,,,,,,,,,,,,Highland Attire,5191100.0,,,,,,,,,,,Beast Claw,Red Bear's Claw,68510000.0,TRUE,TRUE,,,,,Light of Miquella,2006700.0
,,,,,,,,,,,,,,,,,,,,Gloried Attire,5190100.0,,,,,,,,,,,Perfume Bottle,Firespark Perfume Bottle,61500000.0,TRUE,FALSE,,,,,Lightning Spear,6900.0
,,,,,,,,,,,,,,,,,,,,Iron Rivet Armor,5020100.0,,,,,,,,,,,Perfume Bottle,Lightning Perfume Bottle,61530000.0,TRUE,FALSE,,,,,Lightning Spear,6900.0
,,,,,,,,,,,,,,,,,,,,Igon's Armor,5100100.0,,,,,,,,,,,Perfume Bottle,Chilling Perfume Bottle,61510000.0,TRUE,FALSE,,,,,Lightning Spear,6900.0
,,,,,,,,,,,,,,,,,,,,Igon's Armor (Altered),5101100.0,,,,,,,,,,,Perfume Bottle,Frenzyflame Perfume Bottle,61520000.0,TRUE,FALSE,,,,,Lightning Spear,6900.0
,,,,,,,,,,,,,,,,,,,,Ascetic's Loincloth,5210100.0,,,,,,,,,,,Perfume Bottle,Deadly Poison Perfume Bottle,61540000.0,TRUE,TRUE,,,,,Knight's Lightning Spear,2006900.0
,,,,,,,,,,,,,,,,,,,,Chain Armor,1100100.0,,,,,,,,,,,Light Bow,Shortbow,40000000.0,TRUE,FALSE,,,,,Knight's Lightning Spear,2006900.0
,,,,,,,,,,,,,,,,,,,,Dirty Chainmail,1060100.0,,,,,,,,,,,Light Bow,Composite Bow,40050000.0,TRUE,FALSE,,,,,Knight's Lightning Spear,2006900.0
,,,,,,,,,,,,,,,,,,,,Tree Surcoat,1102100.0,,,,,,,,,,,Light Bow,Red Branch Shortbow,40020000.0,TRUE,FALSE,,,,,Knight's Lightning Spear,2006900.0
,,,,,,,,,,,,,,,,,,,,Eye Surcoat,1101100.0,,,,,,,,,,,Light Bow,Misbegotten Shortbow,40010000.0,TRUE,FALSE,,,,,Knight's Lightning Spear,2006900.0
,,,,,,,,,,,,,,,,,,,,Tree-and-Beast Surcoat,1700100.0,,,,,,,,,,,Light Bow,Harp Bow,40030000.0,TRUE,TRUE,,,,,Knight's Lightning Spear,2006900.0
,,,,,,,,,,,,,,,,,,,,Cuckoo Surcoat,1710100.0,,,,,,,,,,,Light Bow,Bone Bow,40500000.0,TRUE,FALSE,,,,,Lightning Strike,6920.0
,,,,,,,,,,,,,,,,,,,,Redmane Surcoat,1730100.0,,,,,,,,,,,Bow,Longbow,41000000.0,TRUE,FALSE,,,,,Lightning Strike,6920.0
,,,,,,,,,,,,,,,,,,,,Erdtree Surcoat,1720100.0,,,,,,,,,,,Bow,Albinauric Bow,41010000.0,TRUE,FALSE,,,,,Honed Bolt,6930.0
,,,,,,,,,,,,,,,,,,,,Haligtree Crest Surcoat,1750100.0,,,,,,,,,,,Bow,Black Bow,41070000.0,TRUE,TRUE,,,,,Honed Bolt,6930.0
,,,,,,,,,,,,,,,,,,,,Mausoleum Surcoat,1740100.0,,,,,,,,,,,Bow,Ansbach's Longbow,41510000.0,TRUE,TRUE,,,,,Ancient Dragons' Lightning Spear,6940.0
,,,,,,,,,,,,,,,,,,,,Messmer Soldier Armor,5140100.0,,,,,,,,,,,Bow,Pulley Bow,41060000.0,TRUE,TRUE,,,,,Ancient Dragons' Lightning Spear,6940.0
,,,,,,,,,,,,,,,,,,,,Messmer Soldier Armor (Altered),5141100.0,,,,,,,,,,,Bow,Horn Bow,41020000.0,TRUE,FALSE,,,,,Ancient Dragons' Lightning Spear,6940.0
,,,,,,,,,,,,,,,,,,,,Scale Armor,40100.0,,,,,,,,,,,Bow,Serpent Bow,41040000.0,TRUE,TRUE,,,,,Ancient Dragons' Lightning Strike,6910.0
,,,,,,,,,,,,,,,,,,,,Exile Armor,190100.0,,,,,,,,,,,Bow,Erdtree Bow,41030000.0,TRUE,TRUE,,,,,Ancient Dragons' Lightning Strike,6910.0
,,,,,,,,,,,,,,,,,,,,Kaiden Armor,50100.0,,,,,,,,,,,Greatbow,Greatbow,42040000.0,TRUE,FALSE,,,,,Ancient Dragons' Lightning Strike,6910.0
,,,,,,,,,,,,,,,,,,,,Land of Reeds Armor,870100.0,,,,,,,,,,,Greatbow,Golem Greatbow,42010000.0,TRUE,TRUE,,,,,Ancient Dragons' Lightning Strike,6910.0
,,,,,,,,,,,,,,,,,,,,Land of Reeds Armor (Altered),871100.0,,,,,,,,,,,Greatbow,Erdtree Greatbow,42030000.0,TRUE,TRUE,,,,,Lansseax's Glaive,6950.0
,,,,,,,,,,,,,,,,,,,,White Reed Armor,872100.0,,,,,,,,,,,Greatbow,Igon's Greatbow,42500000.0,TRUE,FALSE,,,,,Lansseax's Glaive,6950.0
,,,,,,,,,,,,,,,,,,,,Ronin's Armor,150100.0,,,,,,,,,,,Greatbow,Lion Greatbow,42000000.0,TRUE,TRUE,,,,,Lansseax's Glaive,6950.0
,,,,,,,,,,,,,,,,,,,,Ronin's Armor (Altered),151100.0,,,,,,,,,,,Crossbow,Soldier's Crossbow,43000000.0,TRUE,FALSE,,,,,Fortissax's Lightning Spear,6941.0
,,,,,,,,,,,,,,,,,,,,Eccentric's Armor,940100.0,,,,,,,,,,,Crossbow,Light Crossbow,43020000.0,TRUE,FALSE,,,,,Fortissax's Lightning Spear,6941.0
,,,,,,,,,,,,,,,,,,,,Freyja's Armor,5120100.0,,,,,,,,,,,Crossbow,Heavy Crossbow,43030000.0,TRUE,FALSE,,,,,Fortissax's Lightning Spear,6941.0
,,,,,,,,,,,,,,,,,,,,Freyja's Armor (Altered),5121100.0,,,,,,,,,,,Crossbow,Arbalest,43080000.0,TRUE,FALSE,,,,,Fortissax's Lightning Spear,6941.0
,,,,,,,,,,,,,,,,,,,,Marionette Soldier Armor,840100.0,,,,,,,,,,,Crossbow,Crepus's Black-Key Crossbow,43110000.0,TRUE,TRUE,,,,,Fortissax's Lightning Spear,6941.0
,,,,,,,,,,,,,,,,,,,,Blue Silver Mail Armor,240100.0,,,,,,,,,,,Crossbow,Pulley Crossbow,43050000.0,TRUE,TRUE,,,,,Fortissax's Lightning Spear,6941.0
,,,,,,,,,,,,,,,,,,,,Blue Silver Mail Armor (Altered),241100.0,,,,,,,,,,,Crossbow,Repeating Crossbow,43500000.0,TRUE,TRUE,,,,,Frozen Lightning Spear,6921.0
,,,,,,,,,,,,,,,,,,,,Fire Monk Armor,350100.0,,,,,,,,,,,Crossbow,Spread Crossbow,43510000.0,TRUE,FALSE,,,,,Frozen Lightning Spear,6921.0
,,,,,,,,,,,,,,,,,,,,Blackflame Monk Armor,351100.0,,,,,,,,,,,Crossbow,Full Moon Crossbow,43060000.0,TRUE,TRUE,,,,,Death Lightning,5040.0
,,,,,,,,,,,,,,,,,,,,Zamor Armor,1070100.0,,,,,,,,,,,Ballista,Hand Ballista,44000000.0,TRUE,FALSE,,,,,Death Lightning,5040.0
,,,,,,,,,,,,,,,,,,,,Black Knife Armor,180100.0,,,,,,,,,,,Ballista,Jar Cannon,44010000.0,TRUE,TRUE,,,,,Death Lightning,5040.0
,,,,,,,,,,,,,,,,,,,,Black Knife Armor (Altered),181100.0,,,,,,,,,,,Ballista,Rabbath's Cannon,44500000.0,TRUE,TRUE,,,,,Death Lightning,5040.0
,,,,,,,,,,,,,,,,,,,,Armor of Night,5090100.0,,,,,,,,,,,Glintstone Staff,Astrologer's Staff,33130000.0,TRUE,FALSE,,,,,Electrify Armament,6960.0
,,,,,,,,,,,,,,,,,,,,Malenia's Armor,770100.0,,,,,,,,,,,Glintstone Staff,Glintstone Staff,33000000.0,TRUE,FALSE,,,,,Electrocharge,2006920.0
,,,,,,,,,,,,,,,,,,,,Malenia's Armor (Altered),771100.0,,,,,,,,,,,Glintstone Staff,Academy Glintstone Staff,33200000.0,TRUE,FALSE,,,,,Electrocharge,2006920.0
,,,,,,,,,,,,,,,,,,,,Elden Lord Armor,460100.0,,,,,,,,,,,Glintstone Staff,Digger's Staff,33120000.0,TRUE,FALSE,,,,,Electrocharge,2006920.0
,,,,,,,,,,,,,,,,,,,,Elden Lord Armor (Altered),461100.0,,,,,,,,,,,Glintstone Staff,Demi-Human Queen's Staff,33060000.0,TRUE,FALSE,,,,,Electrocharge,2006920.0
,,,,,,,,,,,,,,,,,,,,Messmer's Armor,5220100.0,,,,,,,,,,,Glintstone Staff,Azur's Glintstone Staff,33230000.0,TRUE,TRUE,,,,,Dragonbolt Blessing,6971.0
,,,,,,,,,,,,,,,,,,,,Knight Armor,1500100.0,,,,,,,,,,,Glintstone Staff,Lusat's Glintstone Staff,33240000.0,TRUE,TRUE,,,,,Vyke's Dragonbolt,6970.0
,,,,,,,,,,,,,,,,,,,,Vagabond Knight Armor,660100.0,,,,,,,,,,,Glintstone Staff,Carian Glintstone Staff,33210000.0,TRUE,FALSE,,,,,Dragonbolt of Florissax,2006910.0
,,,,,,,,,,,,,,,,,,,,Vagabond Knight Armor (Altered),661100.0,,,,,,,,,,,Glintstone Staff,Carian Glintblade Staff,33170000.0,TRUE,FALSE,,,,,Catch Flame,6000.0
,,,,,,,,,,,,,,,,,,,,Carian Knight Armor,980100.0,,,,,,,,,,,Glintstone Staff,Carian Regal Scepter,33090000.0,TRUE,TRUE,,,,,"O, Flame!",6001.0
,,,,,,,,,,,,,,,,,,,,Carian Knight Armor (Altered),981100.0,,,,,,,,,,,Glintstone Staff,Albinauric Staff,33190000.0,TRUE,FALSE,,,,,"O, Flame!",6001.0
,,,,,,,,,,,,,,,,,,,,Godrick Knight Armor,1770100.0,,,,,,,,,,,Glintstone Staff,Staff of Loss,33280000.0,TRUE,FALSE,,,,,Flame Sling,6010.0
,,,,,,,,,,,,,,,,,,,,Godrick Knight Armor (Altered),1771100.0,,,,,,,,,,,Glintstone Staff,Gelmir Glintstone Staff,33050000.0,TRUE,FALSE,,,,,Flame Sling,6010.0
,,,,,,,,,,,,,,,,,,,,Cuckoo Knight Armor,1780100.0,,,,,,,,,,,Glintstone Staff,Crystal Staff,33040000.0,TRUE,TRUE,,,,,Flame Sling,6010.0
,,,,,,,,,,,,,,,,,,,,Cuckoo Knight Armor (Altered),1781100.0,,,,,,,,,,,Glintstone Staff,Rotten Crystal Staff,33270000.0,TRUE,TRUE,,,,,Flame Sling,6010.0
,,,,,,,,,,,,,,,,,,,,Redmane Knight Armor,1800100.0,,,,,,,,,,,Glintstone Staff,Meteorite Staff,33250000.0,FALSE,FALSE,,,,,Giantsflame Take Thee,6100.0
,,,,,,,,,,,,,,,,,,,,Redmane Knight Armor (Altered),1801100.0,,,,,,,,,,,Glintstone Staff,Staff of the Guilty,33260000.0,TRUE,FALSE,,,,,Giantsflame Take Thee,6100.0
,,,,,,,,,,,,,,,,,,,,Gelmir Knight Armor,1760100.0,,,,,,,,,,,Glintstone Staff,Prince of Death's Staff,33180000.0,TRUE,FALSE,,,,,"Flame, Fall Upon Them",6020.0
,,,,,,,,,,,,,,,,,,,,Gelmir Knight Armor (Altered),1761100.0,,,,,,,,,,,Glintstone Staff,Maternal Staff,33520000.0,TRUE,FALSE,,,,,"Flame, Fall Upon Them",6020.0
,,,,,,,,,,,,,,,,,,,,Leyndell Knight Armor,1790100.0,,,,,,,,,,,Glintstone Staff,Staff of the Great Beyond,33510000.0,TRUE,TRUE,,,,,"Flame, Fall Upon Them",6020.0
,,,,,,,,,,,,,,,,,,,,Leyndell Knight Armor (Altered),1791100.0,,,,,,,,,,,Sacred Seal,Finger Seal,34000000.0,TRUE,FALSE,,,,,"Flame, Fall Upon Them",6020.0
,,,,,,,,,,,,,,,,,,,,Haligtree Knight Armor,1820100.0,,,,,,,,,,,Sacred Seal,Erdtree Seal,34070000.0,TRUE,TRUE,,,,,"Flame, Fall Upon Them",6020.0
,,,,,,,,,,,,,,,,,,,,Haligtree Knight Armor (Altered),1821100.0,,,,,,,,,,,Sacred Seal,Golden Order Seal,34060000.0,TRUE,TRUE,,,,,"Flame, Fall Upon Them",6020.0
,,,,,,,,,,,,,,,,,,,,Mausoleum Knight Armor,1810100.0,,,,,,,,,,,Sacred Seal,Dryleaf Seal,34500000.0,TRUE,FALSE,,,,,Flame of the Fell God,6110.0
,,,,,,,,,,,,,,,,,,,,Mausoleum Knight Armor (Altered),1811100.0,,,,,,,,,,,Sacred Seal,Fire Knight's Seal,34510000.0,TRUE,FALSE,,,,,Flame of the Fell God,6110.0
,,,,,,,,,,,,,,,,,,,,Black Knight Armor,5150100.0,,,,,,,,,,,Sacred Seal,Spiraltree Seal,34520000.0,TRUE,FALSE,,,,,"Surge, O Flame!",6220.0
,,,,,,,,,,,,,,,,,,,,Bloodhound Knight Armor,790100.0,,,,,,,,,,,Sacred Seal,Gravel Stone Seal,34030000.0,TRUE,FALSE,,,,,"Whirl, O Flame!",6030.0
,,,,,,,,,,,,,,,,,,,,Bloodhound Knight Armor (Altered),791100.0,,,,,,,,,,,Sacred Seal,Giant's Seal,34020000.0,TRUE,FALSE,,,,,"Whirl, O Flame!",6030.0
,,,,,,,,,,,,,,,,,,,,Cleanrot Armor,340100.0,,,,,,,,,,,Sacred Seal,Godslayer's Seal,34010000.0,TRUE,FALSE,,,,,"Burn, O Flame!",6120.0
,,,,,,,,,,,,,,,,,,,,Cleanrot Armor (Altered),341100.0,,,,,,,,,,,Sacred Seal,Clawmark Seal,34040000.0,TRUE,FALSE,,,,,"Flame, Cleanse Me",6040.0
,,,,,,,,,,,,,,,,,,,,Fire Knight Armor,5180100.0,,,,,,,,,,,Sacred Seal,Frenzied Flame Seal,34090000.0,TRUE,TRUE,,,,,"Flame, Cleanse Me",6040.0
,,,,,,,,,,,,,,,,,,,,Fire Knight Armor (Altered),5181100.0,,,,,,,,,,,Sacred Seal,Dragon Communion Seal,34080000.0,TRUE,TRUE,,,,,"Flame, Cleanse Me",6040.0
,,,,,,,,,,,,,,,,,,,,Death Knight Armor,5200100.0,,,,,,,,,,,Torch,Torch,24000000.0,TRUE,FALSE,,,,,"Flame, Protect Me",6060.0
,,,,,,,,,,,,,,,,,,,,Horned Warrior Armor,5250100.0,,,,,,,,,,,Torch,Beast-Repellent Torch,24060000.0,TRUE,FALSE,,,,,"Flame, Grant Me Strength",6050.0
,,,,,,,,,,,,,,,,,,,,Divine Beast Warrior Armor,5252100.0,,,,,,,,,,,Torch,Steel-Wire Torch,24020000.0,TRUE,FALSE,,,,,Fire's Deadly Sin,7900.0
,,,,,,,,,,,,,,,,,,,,Divine Bird Warrior Armor,5253100.0,,,,,,,,,,,Torch,Sentry's Torch,24070000.0,TRUE,TRUE,,,,,Fire's Deadly Sin,7900.0
,,,,,,,,,,,,,,,,,,,,Oathseeker Knight Armor,5002100.0,,,,,,,,,,,Torch,Ghostflame Torch,24050000.0,TRUE,FALSE,,,,,Fire's Deadly Sin,7900.0
,,,,,,,,,,,,,,,,,,,,Leda's Armor,5000100.0,,,,,,,,,,,Torch,St. Trina's Torch,24040000.0,TRUE,TRUE,,,,,Fire's Deadly Sin,7900.0
,,,,,,,,,,,,,,,,,,,,Raging Wolf Armor,860100.0,,,,,,,,,,,Torch,Nanaya's Torch,24500000.0,TRUE,TRUE,,,,,Fire Serpent,2007800.0
,,,,,,,,,,,,,,,,,,,,Raging Wolf Armor (Altered),861100.0,,,,,,,,,,,Torch,Lamenting Visage,24510000.0,TRUE,TRUE,,,,,Fire Serpent,2007800.0
,,,,,,,,,,,,,,,,,,,,Hoslow's Armor,650100.0,,,,,,,,,,,Small Shield,Rickety Shield,30030000.0,TRUE,FALSE,,,,,Rain of Fire,2007810.0
,,,,,,,,,,,,,,,,,,,,Hoslow's Armor (Altered),652100.0,,,,,,,,,,,Small Shield,Riveted Wooden Shield,30090000.0,TRUE,FALSE,,,,,Rain of Fire,2007810.0
,,,,,,,,,,,,,,,,,,,,Twinned Armor,600100.0,,,,,,,,,,,Small Shield,Blue-White Wooden Shield,30100000.0,TRUE,FALSE,,,,,Rain of Fire,2007810.0
,,,,,,,,,,,,,,,,,,,,Twinned Armor (Altered),601100.0,,,,,,,,,,,Small Shield,Scripture Wooden Shield,30080000.0,TRUE,FALSE,,,,,Rain of Fire,2007810.0
,,,,,,,,,,,,,,,,,,,,Drake Knight Armor,60100.0,,,,,,,,,,,Small Shield,Red Thorn Roundshield,30070000.0,TRUE,FALSE,,,,,Messmer's Orb,2007820.0
,,,,,,,,,,,,,,,,,,,,Drake Knight Armor (Altered),61100.0,,,,,,,,,,,Small Shield,Pillory Shield,30040000.0,TRUE,FALSE,,,,,Messmer's Orb,2007820.0
,,,,,,,,,,,,,,,,,,,,Blaidd's Armor,170100.0,,,,,,,,,,,Small Shield,Buckler,30000000.0,TRUE,FALSE,,,,,Messmer's Orb,2007820.0
,,,,,,,,,,,,,,,,,,,,Blaidd's Armor (Altered),171100.0,,,,,,,,,,,Small Shield,Iron Roundshield,30120000.0,TRUE,FALSE,,,,,Messmer's Orb,2007820.0
,,,,,,,,,,,,,,,,,,,,Briar Armor,210100.0,,,,,,,,,,,Small Shield,Gilded Iron Shield,30130000.0,TRUE,FALSE,,,,,Messmer's Orb,2007820.0
,,,,,,,,,,,,,,,,,,,,Briar Armor (Altered),211100.0,,,,,,,,,,,Small Shield,Man-Serpent's Shield,30020000.0,TRUE,FALSE,,,,,Messmer's Orb,2007820.0
,,,,,,,,,,,,,,,,,,,,Fingerprint Armor,950100.0,,,,,,,,,,,Small Shield,Ice Crest Shield,30140000.0,TRUE,FALSE,,,,,Messmer's Orb,2007820.0
,,,,,,,,,,,,,,,,,,,,Fingerprint Armor (Altered),951100.0,,,,,,,,,,,Small Shield,Rift Shield,30110000.0,TRUE,FALSE,,,,,Messmer's Orb,2007820.0
,,,,,,,,,,,,,,,,,,,,Rakshasa Armor,5160100.0,,,,,,,,,,,Small Shield,Perfumer's Shield,30010000.0,TRUE,FALSE,,,,,Black Flame,6210.0
,,,,,,,,,,,,,,,,,,,,Royal Remains Armor,690100.0,,,,,,,,,,,Small Shield,Shield of the Guilty,31170000.0,TRUE,FALSE,,,,,Black Flame,6210.0
,,,,,,,,,,,,,,,,,,,,All-Knowing Armor,590100.0,,,,,,,,,,,Small Shield,Spiralhorn Shield,30190000.0,TRUE,FALSE,,,,,Scouring Black Flame,6230.0
,,,,,,,,,,,,,,,,,,,,All-Knowing Armor (Altered),591100.0,,,,,,,,,,,Small Shield,Smoldering Shield,30150000.0,TRUE,FALSE,,,,,Scouring Black Flame,6230.0
,,,,,,,,,,,,,,,,,,,,Royal Knight Armor,280100.0,,,,,,,,,,,Small Shield,Coil Shield,30200000.0,TRUE,TRUE,,,,,Black Flame Ritual,6240.0
,,,,,,,,,,,,,,,,,,,,Royal Knight Armor (Altered),281100.0,,,,,,,,,,,Small Shield,Smithscript Shield,30510000.0,TRUE,FALSE,,,,,Black Flame Ritual,6240.0
,,,,,,,,,,,,,,,,,,,,Rellana's Armor,5260100.0,,,,,,,,,,,Small Shield,Shield of Night,21550000.0,TRUE,TRUE,,,,,Black Flame Ritual,6240.0
,,,,,,,,,,,,,,,,,,,,Maliketh's Armor,760100.0,,,,,,,,,,,Medium Shield,Hawk Crest Wooden Shield,31270000.0,TRUE,FALSE,,,,,Black Flame Ritual,6240.0
,,,,,,,,,,,,,,,,,,,,Maliketh's Armor (Altered),761100.0,,,,,,,,,,,Medium Shield,Horse Crest Wooden Shield,31240000.0,TRUE,FALSE,,,,,Black Flame Blade,6250.0
,,,,,,,,,,,,,,,,,,,,Banished Knight Armor,200100.0,,,,,,,,,,,Medium Shield,Candletree Wooden Shield,31250000.0,TRUE,FALSE,,,,,Black Flame's Protection,6260.0
,,,,,,,,,,,,,,,,,,,,Banished Knight Armor (Altered),201100.0,,,,,,,,,,,Medium Shield,Flame Crest Wooden Shield,31260000.0,TRUE,FALSE,,,,,Noble Presence,6270.0
,,,,,,,,,,,,,,,,,,,,Night's Cavalry Armor,230100.0,,,,,,,,,,,Medium Shield,Marred Wooden Shield,31020000.0,TRUE,FALSE,,,,,Noble Presence,6270.0
,,,,,,,,,,,,,,,,,,,,Night's Cavalry Armor (Altered),231100.0,,,,,,,,,,,Medium Shield,Sun Realm Shield,31050000.0,TRUE,FALSE,,,,,Beast Claw,6820.0
,,,,,,,,,,,,,,,,,,,,Armor of Solitude,5130100.0,,,,,,,,,,,Medium Shield,Round Shield,31070000.0,TRUE,FALSE,,,,,Beast Claw,6820.0
,,,,,,,,,,,,,,,,,,,,Armor of Solitude (Altered),5131100.0,,,,,,,,,,,Medium Shield,Large Leather Shield,31230000.0,TRUE,FALSE,,,,,Gurranq's Beast Claw,6830.0
,,,,,,,,,,,,,,,,,,,,Veteran's Armor,780100.0,,,,,,,,,,,Medium Shield,Black Leather Shield,31340000.0,TRUE,FALSE,,,,,Bestial Sling,6800.0
,,,,,,,,,,,,,,,,,,,,Veteran's Armor (Altered),781100.0,,,,,,,,,,,Medium Shield,Marred Leather Shield,31010000.0,TRUE,FALSE,,,,,Stone of Gurranq,6810.0
,,,,,,,,,,,,,,,,,,,,Scaled Armor,80100.0,,,,,,,,,,,Medium Shield,Heater Shield,31330000.0,TRUE,FALSE,,,,,Bestial Constitution,6850.0
,,,,,,,,,,,,,,,,,,,,Scaled Armor (Altered),81100.0,,,,,,,,,,,Medium Shield,Blue Crest Heater Shield,31300000.0,TRUE,FALSE,,,,,Bestial Vitality,6840.0
,,,,,,,,,,,,,,,,,,,,Beast Champion Armor,720100.0,,,,,,,,,,,Medium Shield,Red Crest Heater Shield,31290000.0,TRUE,FALSE,,,,,Roar of Rugalea,2006800.0
,,,,,,,,,,,,,,,,,,,,Beast Champion Armor (Altered),721100.0,,,,,,,,,,,Medium Shield,Beast Crest Heater Shield,31280000.0,TRUE,FALSE,,,,,Roar of Rugalea,2006800.0
,,,,,,,,,,,,,,,,,,,,Tree Sentinel Armor,270100.0,,,,,,,,,,,Medium Shield,Inverted Hawk Heater Shield,31320000.0,TRUE,FALSE,,,,,Roar of Rugalea,2006800.0
,,,,,,,,,,,,,,,,,,,,Tree Sentinel Armor (Altered),271100.0,,,,,,,,,,,Medium Shield,Eclipse Crest Heater Shield,31310000.0,TRUE,FALSE,,,,,Roar of Rugalea,2006800.0
,,,,,,,,,,,,,,,,,,,,Malformed Dragon Armor,260100.0,,,,,,,,,,,Medium Shield,Kite Shield,31000000.0,TRUE,FALSE,,,,,Roar of Rugalea,2006800.0
,,,,,,,,,,,,,,,,,,,,Crucible Axe Armor,570100.0,,,,,,,,,,,Medium Shield,Blue-Gold Kite Shield,31100000.0,TRUE,FALSE,,,,,Swarm of Flies,7210.0
,,,,,,,,,,,,,,,,,,,,Crucible Axe Armor (Altered),572100.0,,,,,,,,,,,Medium Shield,Scorpion Kite Shield,31080000.0,TRUE,FALSE,,,,,Swarm of Flies,7210.0
,,,,,,,,,,,,,,,,,,,,Crucible Tree Armor,571100.0,,,,,,,,,,,Medium Shield,Twinbird Kite Shield,31090000.0,TRUE,FALSE,,,,,Bloodflame Talons,6300.0
,,,,,,,,,,,,,,,,,,,,Crucible Tree Armor (Altered),573100.0,,,,,,,,,,,Medium Shield,Brass Shield,31130000.0,TRUE,FALSE,,,,,Furious Blade of Ansbach,2006300.0
,,,,,,,,,,,,,,,,,,,,Gaius's Armor,3010100.0,,,,,,,,,,,Medium Shield,Messmer Soldier Shield,31500000.0,TRUE,FALSE,,,,,Furious Blade of Ansbach,2006300.0
,,,,,,,,,,,,,,,,,,,,Radahn's Lion Armor,470100.0,,,,,,,,,,,Medium Shield,Banished Knight's Shield,31030000.0,TRUE,FALSE,,,,,Furious Blade of Ansbach,2006300.0
,,,,,,,,,,,,,,,,,,,,Radahn's Lion Armor (Altered),471100.0,,,,,,,,,,,Medium Shield,Wolf Crest Shield,31510000.0,TRUE,FALSE,,,,,Furious Blade of Ansbach,2006300.0
,,,,,,,,,,,,,,,,,,,,Young Lion's Armor,5270100.0,,,,,,,,,,,Medium Shield,Serpent Crest Shield,31520000.0,TRUE,FALSE,,,,,Furious Blade of Ansbach,2006300.0
,,,,,,,,,,,,,,,,,,,,Young Lion's Armor (Altered),5271100.0,,,,,,,,,,,Medium Shield,Albinauric Shield,31040000.0,TRUE,FALSE,,,,,Furious Blade of Ansbach,2006300.0
,,,,,,,,,,,,,,,,,,,,Lionel's Armor,640100.0,,,,,,,,,,,Medium Shield,Beastman's Jar-Shield,30060000.0,TRUE,FALSE,,,,,Bloodboon,6310.0
,,,,,,,,,,,,,,,,,,,,Lionel's Armor (Altered),641100.0,,,,,,,,,,,Medium Shield,Carian Knight's Shield,31190000.0,TRUE,FALSE,,,,,Bloodboon,6310.0
,,,,,,,,,,,,,,,,,,,,Bull-Goat Armor,140100.0,,,,,,,,,,,Medium Shield,Silver Mirrorshield,31060000.0,TRUE,TRUE,,,,,Bloodflame Blade,6320.0
,,,,,,,,,,,,,,,,,,,,Verdigris Armor,5010100.0,,,,,,,,,,,Medium Shield,Great Turtle Shell,31140000.0,TRUE,FALSE,,,,,Poison Mist,7220.0
,,,,,,,,,,,,,,,,,,,,Omen Armor,970100.0,,,,,,,,,,,Medium Shield,Golden Lion Shield,31530000.0,TRUE,TRUE,,,,,Poison Armament,7230.0
,,,,,,,,,,,,,,,,,,,,Fire Prelate Armor,360100.0,,,,,,,,,,,Greatshield,Wooden Greatshield,32290000.0,TRUE,FALSE,,,,,Pest Threads,7200.0
,,,,,,,,,,,,,,,,,,,,Fire Prelate Armor (Altered),361100.0,,,,,,,,,,,Greatshield,Lordsworn's Shield,32300000.0,TRUE,FALSE,,,,,Pest-Thread Spears,2007210.0
,,,,,,,,,,,,,,,,,,,,Traveler's Manchettes,1020200.0,,,,,,,,,,,Greatshield,Briar Greatshield,32050000.0,TRUE,FALSE,,,,,Pest-Thread Spears,2007210.0
,,,,,,,,,,,,,,,,,,,,Guardian Bracers,330200.0,,,,,,,,,,,Greatshield,Spiked Palisade Shield,32170000.0,TRUE,FALSE,,,,,Scarlet Aeonia,7240.0
,,,,,,,,,,,,,,,,,,,,Bloodsoaked Manchettes,963200.0,,,,,,,,,,,Greatshield,Icon Shield,32140000.0,TRUE,TRUE,,,,,Scarlet Aeonia,7240.0
,,,,,,,,,,,,,,,,,,,,Braided Arm Wraps,5070200.0,,,,,,,,,,,Greatshield,Golden Beast Crest Shield,32090000.0,TRUE,FALSE,,,,,Scarlet Aeonia,7240.0
,,,,,,,,,,,,,,,,,,,,Mushroom Arms,1130200.0,,,,,,,,,,,Greatshield,Manor Towershield,32190000.0,TRUE,FALSE,,,,,Rotten Butterflies,2007200.0
,,,,,,,,,,,,,,,,,,,,Astrologer Gloves,630200.0,,,,,,,,,,,Greatshield,Crossed-Tree Towershield,32200000.0,TRUE,FALSE,,,,,Rotten Butterflies,2007200.0
,,,,,,,,,,,,,,,,,,,,Sorcerer Manchettes,830200.0,,,,,,,,,,,Greatshield,Inverted Hawk Towershield,32210000.0,TRUE,FALSE,,,,,Rotten Butterflies,2007200.0
,,,,,,,,,,,,,,,,,,,,Battlemage Manchettes,1000200.0,,,,,,,,,,,Greatshield,Dragon Towershield,32000000.0,TRUE,FALSE,,,,,The Flame of Frenzy,7310.0
,,,,,,,,,,,,,,,,,,,,Errant Sorcerer Manchettes,990200.0,,,,,,,,,,,Greatshield,Distinguished Greatshield,32020000.0,TRUE,FALSE,,,,,The Flame of Frenzy,7310.0
,,,,,,,,,,,,,,,,,,,,Spellblade's Gloves,130200.0,,,,,,,,,,,Greatshield,Gilded Greatshield,32270000.0,TRUE,FALSE,,,,,The Flame of Frenzy,7310.0
,,,,,,,,,,,,,,,,,,,,Alberich's Bracers,120200.0,,,,,,,,,,,Greatshield,Cuckoo Greatshield,32250000.0,TRUE,FALSE,,,,,The Flame of Frenzy,7310.0
,,,,,,,,,,,,,,,,,,,,Preceptor's Gloves,910200.0,,,,,,,,,,,Greatshield,Redmane Greatshield,32230000.0,TRUE,FALSE,,,,,The Flame of Frenzy,7310.0
,,,,,,,,,,,,,,,,,,,,High Priest Gloves,5060200.0,,,,,,,,,,,Greatshield,Golden Greatshield,32260000.0,TRUE,FALSE,,,,,The Flame of Frenzy,7310.0
,,,,,,,,,,,,,,,,,,,,Azur's Manchettes,581200.0,,,,,,,,,,,Greatshield,Haligtree Crest Greatshield,32280000.0,TRUE,FALSE,,,,,Unendurable Frenzy,7311.0
,,,,,,,,,,,,,,,,,,,,Lusat's Manchettes,580200.0,,,,,,,,,,,Greatshield,Black Steel Greatshield,32500000.0,TRUE,FALSE,,,,,Unendurable Frenzy,7311.0
,,,,,,,,,,,,,,,,,,,,Queen's Bracelets,510200.0,,,,,,,,,,,Greatshield,Crucible Hornshield,32030000.0,TRUE,TRUE,,,,,Unendurable Frenzy,7311.0
,,,,,,,,,,,,,,,,,,,,Traveling Maiden Gloves,900200.0,,,,,,,,,,,Greatshield,Dragonclaw Shield,32040000.0,TRUE,TRUE,,,,,Midra's Flame of Frenzy,2007300.0
,,,,,,,,,,,,,,,,,,,,Dryleaf Arm Wraps,3000200.0,,,,,,,,,,,Greatshield,Fingerprint Stone Shield,32130000.0,TRUE,FALSE,,,,,Midra's Flame of Frenzy,2007300.0
,,,,,,,,,,,,,,,,,,,,Gold Bracelets,1040200.0,,,,,,,,,,,Greatshield,Eclipse Crest Greatshield,32240000.0,TRUE,FALSE,,,,,Midra's Flame of Frenzy,2007300.0
,,,,,,,,,,,,,,,,,,,,Perfumer Gloves,90200.0,,,,,,,,,,,Greatshield,Ant's Skull Plate,32220000.0,TRUE,TRUE,,,,,Frenzied Burst,7320.0
,,,,,,,,,,,,,,,,,,,,Traveler's Gloves,100200.0,,,,,,,,,,,Greatshield,Erdtree Greatshield,32080000.0,TRUE,TRUE,,,,,Frenzied Burst,7320.0
,,,,,,,,,,,,,,,,,,,,Depraved Perfumer Gloves,540200.0,,,,,,,,,,,Greatshield,Jellyfish Shield,32120000.0,TRUE,TRUE,,,,,Frenzied Burst,7320.0
,,,,,,,,,,,,,,,,,,,,Godskin Apostle Bracelets,520200.0,,,,,,,,,,,Greatshield,Visage Shield,32160000.0,TRUE,TRUE,,,,,Frenzied Burst,7320.0
,,,,,,,,,,,,,,,,,,,,Godskin Noble Bracelets,530200.0,,,,,,,,,,,Greatshield,One-Eyed Shield,32150000.0,TRUE,TRUE,,,,,Howl of Shabriri,7330.0
,,,,,,,,,,,,,,,,,,,,Ansbach's Manchettes,5110200.0,,,,,,,,,,,Greatshield,Verdigris Greatshield,32520000.0,TRUE,TRUE,,,,,Howl of Shabriri,7330.0
,,,,,,,,,,,,,,,,,,,,Leather Gloves,1400200.0,,,,,,,,,,,Thrusting Shield,Dueling Shield,62500000.0,TRUE,FALSE,,,,,Inescapable Frenzy,7300.0
,,,,,,,,,,,,,,,,,,,,Warrior Gauntlets,670200.0,,,,,,,,,,,Thrusting Shield,Carian Thrusting Shield,62510000.0,TRUE,FALSE,,,,,Inescapable Frenzy,7300.0
,,,,,,,,,,,,,,,,,,,,Noble's Gloves,740200.0,,,,,,,,,,,Consumable,Fire Pot,830000.0,FALSE,FALSE,,,,,Inescapable Frenzy,7300.0
,,,,,,,,,,,,,,,,,,,,War Surgeon Gloves,680200.0,,,,,,,,,,,Consumable,Redmane Fire Pot,830100.0,FALSE,FALSE,,,,,Inescapable Frenzy,7300.0
,,,,,,,,,,,,,,,,,,,,Thiollier's Gloves,5030200.0,,,,,,,,,,,Consumable,Giantsflame Fire Pot,830200.0,FALSE,FALSE,,,,,Inescapable Frenzy,7300.0
,,,,,,,,,,,,,,,,,,,,Bandit Manchettes,930200.0,,,,,,,,,,,Consumable,Hefty Fire Pot,930000.0,FALSE,FALSE,,,,,Dragonfire,7000.0
,,,,,,,,,,,,,,,,,,,,Confessor Gloves,880200.0,,,,,,,,,,,Consumable,Hefty Furnace Pot,968000.0,FALSE,FALSE,,,,,Agheel's Flame,7001.0
,,,,,,,,,,,,,,,,,,,,Omenkiller Long Gloves,1890200.0,,,,,,,,,,,Consumable,Oil Pot,,FALSE,FALSE,,,,,Magma Breath,7010.0
,,,,,,,,,,,,,,,,,,,,Gravebird Bracelets,5230200.0,,,,,,,,,,,Consumable,Hefty Oil Pot,,FALSE,FALSE,,,,,Magma Breath,7010.0
,,,,,,,,,,,,,,,,,,,,Dancer's Bracer,5080200.0,,,,,,,,,,,Consumable,Magic Pot,866000.0,FALSE,FALSE,,,,,Magma Breath,7010.0
,,,,,,,,,,,,,,,,,,,,Foot Soldier Gauntlets,1830200.0,,,,,,,,,,,Consumable,Academy Magic Pot,866100.0,FALSE,FALSE,,,,,Theodorix's Magma,7011.0
,,,,,,,,,,,,,,,,,,,,Highwayman Gauntlets,1980200.0,,,,,,,,,,,Consumable,Hefty Magic Pot,966000.0,FALSE,FALSE,,,,,Theodorix's Magma,7011.0
,,,,,,,,,,,,,,,,,,,,Common Soldier Gauntlets,5240200.0,,,,,,,,,,,Consumable,Lightning Pot,832000.0,FALSE,FALSE,,,,,Theodorix's Magma,7011.0
,,,,,,,,,,,,,,,,,,,,Vulgar Militia Gauntlets,420200.0,,,,,,,,,,,Consumable,Ancient Dragonbolt Pot,832100.0,FALSE,FALSE,,,,,Glintstone Breath,7040.0
,,,,,,,,,,,,,,,,,,,,Shadow Militiaman Gauntlets,5280200.0,,,,,,,,,,,Consumable,Hefty Lightning Pot,932000.0,FALSE,FALSE,,,,,Smarag's Glintstone Breath,7041.0
,,,,,,,,,,,,,,,,,,,,Nox Bracelets,290200.0,,,,,,,,,,,Consumable,Red Lightning Pot,970000.0,FALSE,FALSE,,,,,Rotten Breath,7030.0
,,,,,,,,,,,,,,,,,,,,Champion Bracers,730200.0,,,,,,,,,,,Consumable,Hefty Red Lightning Pot,969000.0,FALSE,FALSE,,,,,Ekzykes's Decay,7031.0
,,,,,,,,,,,,,,,,,,,,Leather Arm Wraps,5190200.0,,,,,,,,,,,Consumable,Holy Water Pot,835000.0,FALSE,FALSE,,,,,Dragonice,7020.0
,,,,,,,,,,,,,,,,,,,,Iron Rivet Gauntlets,5020200.0,,,,,,,,,,,Consumable,Sacred Order Pot,835100.0,FALSE,FALSE,,,,,Borealis's Mist,7021.0
,,,,,,,,,,,,,,,,,,,,Igon's Gauntlets,5100200.0,,,,,,,,,,,Consumable,Poison Pot,837000.0,FALSE,FALSE,,,,,Ghostflame Breath,2007020.0
,,,,,,,,,,,,,,,,,,,,Ascetic's Wrist Guards,5210200.0,,,,,,,,,,,Consumable,Hefty Poison Pot,937000.0,FALSE,FALSE,,,,,Placidusax's Ruin,7050.0
,,,,,,,,,,,,,,,,,,,,Chain Gauntlets,1100200.0,,,,,,,,,,,Consumable,Fetid Pot,833000.0,FALSE,FALSE,,,,,Placidusax's Ruin,7050.0
,,,,,,,,,,,,,,,,,,,,Iron Gauntlets,40200.0,,,,,,,,,,,Consumable,Hefty Fetid Pot,933000.0,FALSE,FALSE,,,,,Placidusax's Ruin,7050.0
,,,,,,,,,,,,,,,,,,,,Godrick Soldier Gauntlets,1700200.0,,,,,,,,,,,Consumable,Rot Pot,,FALSE,FALSE,,,,,Dragonclaw,7060.0
,,,,,,,,,,,,,,,,,,,,Raya Lucarian Gauntlets,1710200.0,,,,,,,,,,,Consumable,Hefty Rot Pot,,FALSE,FALSE,,,,,Dragonclaw,7060.0
,,,,,,,,,,,,,,,,,,,,Radahn Soldier Gauntlets,1730200.0,,,,,,,,,,,Consumable,Swarm Pot,834000.0,FALSE,FALSE,,,,,Dragonclaw,7060.0
,,,,,,,,,,,,,,,,,,,,Leyndell Soldier Gauntlets,1720200.0,,,,,,,,,,,Consumable,Hefty Fly Pot,934000.0,FALSE,FALSE,,,,,Dragonclaw,7060.0
,,,,,,,,,,,,,,,,,,,,Haligtree Gauntlets,1750200.0,,,,,,,,,,,Consumable,Freezing Pot,,FALSE,FALSE,,,,,Dragonclaw,7060.0
,,,,,,,,,,,,,,,,,,,,Mausoleum Gauntlets,1740200.0,,,,,,,,,,,Consumable,Hefty Freezing Pot,,FALSE,FALSE,,,,,Dragonclaw,7060.0
,,,,,,,,,,,,,,,,,,,,Messmer Soldier Gauntlets,5140200.0,,,,,,,,,,,Consumable,Sleep Pot,864000.0,FALSE,FALSE,,,,,Dragonmaw,7080.0
,,,,,,,,,,,,,,,,,,,,Exile Gauntlets,190200.0,,,,,,,,,,,Consumable,Eternal Sleep Pot,864000.0,FALSE,FALSE,,,,,Greyoll's Roar,7090.0
,,,,,,,,,,,,,,,,,,,,Kaiden Gauntlets,50200.0,,,,,,,,,,,Consumable,Frenzied Flame Pot,971000.0,FALSE,FALSE,,,,,Bayle's Tyranny,2007000.0
,,,,,,,,,,,,,,,,,,,,Land of Reeds Gauntlets,870200.0,,,,,,,,,,,Consumable,Hefty Frenzied Flame Pot,962000.0,FALSE,FALSE,,,,,Bayle's Tyranny,2007000.0
,,,,,,,,,,,,,,,,,,,,White Reed Gauntlets,872200.0,,,,,,,,,,,Consumable,Hefty Rock Pot,931000.0,FALSE,FALSE,,,,,Bayle's Flame Lightning,2007010.0
,,,,,,,,,,,,,,,,,,,,Ronin's Gauntlets,150200.0,,,,,,,,,,,Consumable,Volcano Pot,860000.0,FALSE,FALSE,,,,,Bayle's Flame Lightning,2007010.0
,,,,,,,,,,,,,,,,,,,,Eccentric's Manchettes,940200.0,,,,,,,,,,,Consumable,Hefty Volcano Pot,960000.0,FALSE,FALSE,,,,,Bayle's Flame Lightning,2007010.0
,,,,,,,,,,,,,,,,,,,,Freyja's Gauntlets,5120200.0,,,,,,,,,,,Consumable,Rancor Pot,865000.0,FALSE,FALSE,,,,,Golden Arcs,2007700.0
,,,,,,,,,,,,,,,,,,,,Blue Silver Bracelets,240200.0,,,,,,,,,,,Consumable,Hefty Rancor Pot,965000.0,FALSE,FALSE,,,,,Golden Arcs,2007700.0
,,,,,,,,,,,,,,,,,,,,Fire Monk Gauntlets,350200.0,,,,,,,,,,,Consumable,Cursed-Blood Pot,,FALSE,FALSE,,,,,Giant Golden Arc,2007710.0
,,,,,,,,,,,,,,,,,,,,Blackflame Monk Gauntlets,351200.0,,,,,,,,,,,Consumable,Alluring Pot,,FALSE,FALSE,,,,,Giant Golden Arc,2007710.0
,,,,,,,,,,,,,,,,,,,,Zamor Bracelets,1070200.0,,,,,,,,,,,Consumable,Beastlure Pot,,FALSE,FALSE,,,,,Spira,2007720.0
,,,,,,,,,,,,,,,,,,,,Black Knife Gauntlets,180200.0,,,,,,,,,,,Consumable,Albinauric Pot,,FALSE,FALSE,,,,,Watchful Spirit,2007600.0
,,,,,,,,,,,,,,,,,,,,Gauntlets of Night,5090200.0,,,,,,,,,,,Consumable,Roped Fire Pot,840000.0,FALSE,FALSE,,,,,Divine Bird Feathers,2007740.0
,,,,,,,,,,,,,,,,,,,,Malenia's Gauntlet,770200.0,,,,,,,,,,,Consumable,Roped Oil Pot,,FALSE,FALSE,,,,,Divine Beast Tornado,2007730.0
,,,,,,,,,,,,,,,,,,,,Elden Lord Bracers,460200.0,,,,,,,,,,,Consumable,Roped Magic Pot,846000.0,FALSE,FALSE,,,,,Divine Beast Tornado,2007730.0
,,,,,,,,,,,,,,,,,,,,Messmer's Gauntlets,5220200.0,,,,,,,,,,,Consumable,Roped Lightning Pot,842000.0,FALSE,FALSE,,,,,Divine Beast Tornado,2007730.0
,,,,,,,,,,,,,,,,,,,,Knight Gauntlets,1500200.0,,,,,,,,,,,Consumable,Roped Holy Water Pot,851000.0,FALSE,FALSE,,,,,,
,,,,,,,,,,,,,,,,,,,,Vagabond Knight Gauntlets,660200.0,,,,,,,,,,,Consumable,Roped Poison Pot,844000.0,FALSE,FALSE,,,,,,
,,,,,,,,,,,,,,,,,,,,Carian Knight Gauntlets,980200.0,,,,,,,,,,,Consumable,Roped Fetid Pot,843000.0,FALSE,FALSE,,,,,,
,,,,,,,,,,,,,,,,,,,,Godrick Knight Gauntlets,1770200.0,,,,,,,,,,,Consumable,Roped Fly Pot,847000.0,FALSE,FALSE,,,,,,
,,,,,,,,,,,,,,,,,,,,Cuckoo Knight Gauntlets,1780200.0,,,,,,,,,,,Consumable,Roped Frenzied Flame Pot,976000.0,FALSE,FALSE,,,,,,
,,,,,,,,,,,,,,,,,,,,Redmane Knight Gauntlets,1800200.0,,,,,,,,,,,Consumable,Roped Volcano Pot,849000.0,FALSE,FALSE,,,,,,
,,,,,,,,,,,,,,,,,,,,Gelmir Knight Gauntlets,1760200.0,,,,,,,,,,,Consumable,Spark Aromatic,351000.0,FALSE,FALSE,,,,,,
,,,,,,,,,,,,,,,,,,,,Leyndell Knight Gauntlets,1790200.0,,,,,,,,,,,Consumable,Uplifting Aromatic,,FALSE,FALSE,,,,,,
,,,,,,,,,,,,,,,,,,,,Haligtree Knight Gauntlets,1820200.0,,,,,,,,,,,Consumable,Poison Spraymist,358000.0,FALSE,FALSE,,,,,,
,,,,,,,,,,,,,,,,,,,,Mausoleum Knight Gauntlets,1810200.0,,,,,,,,,,,Consumable,Acid Spraymist,,FALSE,FALSE,,,,,,
,,,,,,,,,,,,,,,,,,,,Black Knight Gauntlets,5150200.0,,,,,,,,,,,Consumable,Bloodboil Aromatic,,FALSE,FALSE,,,,,,
,,,,,,,,,,,,,,,,,,,,Bloodhound Knight Gauntlets,790200.0,,,,,,,,,,,Consumable,Ironjar Aromatic,,FALSE,FALSE,,,,,,
,,,,,,,,,,,,,,,,,,,,Cleanrot Gauntlets,340200.0,,,,,,,,,,,Consumable,Bone Dart,171000.0,FALSE,FALSE,,,,,,
,,,,,,,,,,,,,,,,,,,,Fire Knight Gauntlets,5180200.0,,,,,,,,,,,Consumable,Poisonbone Dart,172000.0,FALSE,FALSE,,,,,,
,,,,,,,,,,,,,,,,,,,,Death Knight Gauntlets,5200200.0,,,,,,,,,,,Consumable,Crystal Dart,174000.0,FALSE,FALSE,,,,,,
,,,,,,,,,,,,,,,,,,,,Horned Warrior Gauntlets,5250200.0,,,,,,,,,,,Consumable,Throwing Dagger,170000.0,FALSE,FALSE,,,,,,
,,,,,,,,,,,,,,,,,,,,Divine Bird Warrior Gauntlets,5253200.0,,,,,,,,,,,Consumable,Kukri,173000.0,FALSE,FALSE,,,,,,
,,,,,,,,,,,,,,,,,,,,Oathseeker Knight Gauntlets,5000200.0,,,,,,,,,,,Consumable,Fan Daggers,175000.0,FALSE,FALSE,,,,,,
,,,,,,,,,,,,,,,,,,,,Raging Wolf Gauntlets,860200.0,,,,,,,,,,,Consumable,Dragon Communion Harpoon,471000.0,FALSE,FALSE,,,,,,
,,,,,,,,,,,,,,,,,,,,Hoslow's Gauntlets,650200.0,,,,,,,,,,,Consumable,Ruin Fragment,176000.0,FALSE,FALSE,,,,,,
,,,,,,,,,,,,,,,,,,,,Twinned Gauntlets,600200.0,,,,,,,,,,,Consumable,Roundrock,472000.0,FALSE,FALSE,,,,,,
,,,,,,,,,,,,,,,,,,,,Drake Knight Gauntlets,60200.0,,,,,,,,,,,Consumable,Poisoned Stone,184000.0,FALSE,FALSE,,,,,,
,,,,,,,,,,,,,,,,,,,,Blaidd's Gauntlets,170200.0,,,,,,,,,,,Consumable,Poisoned Stone Clump,184100.0,FALSE,FALSE,,,,,,
,,,,,,,,,,,,,,,,,,,,Briar Gauntlets,210200.0,,,,,,,,,,,Consumable,Explosive Stone,183000.0,FALSE,FALSE,,,,,,
,,,,,,,,,,,,,,,,,,,,Fingerprint Gauntlets,950200.0,,,,,,,,,,,Consumable,Explosive Stone Clump,183100.0,FALSE,FALSE,,,,,,
,,,,,,,,,,,,,,,,,,,,Rakshasa Gauntlets,5160200.0,,,,,,,,,,,Consumable,Glintstone Scrap,305000.0,FALSE,FALSE,,,,,,
,,,,,,,,,,,,,,,,,,,,Royal Remains Gauntlets,690200.0,,,,,,,,,,,Consumable,Large Glintstone Scrap,305100.0,FALSE,FALSE,,,,,,
,,,,,,,,,,,,,,,,,,,,All-Knowing Gauntlets,590200.0,,,,,,,,,,,Consumable,Cuckoo Glintstone,303000.0,FALSE,FALSE,,,,,,
,,,,,,,,,,,,,,,,,,,,Royal Knight Gauntlets,280200.0,,,,,,,,,,,Consumable,Glinting Nail,620000.0,FALSE,FALSE,,,,,,
,,,,,,,,,,,,,,,,,,,,Rellana's Gloves,5260200.0,,,,,,,,,,,Consumable,Gravity Stone Fan,306000.0,FALSE,FALSE,,,,,,
,,,,,,,,,,,,,,,,,,,,Maliketh's Gauntlets,760200.0,,,,,,,,,,,Consumable,Gravity Stone Chunk,307000.0,FALSE,FALSE,,,,,,
,,,,,,,,,,,,,,,,,,,,Banished Knight Gauntlets,200200.0,,,,,,,,,,,Consumable,Fire Spritestone,619000.0,FALSE,FALSE,,,,,,
,,,,,,,,,,,,,,,,,,,,Night's Cavalry Gauntlets,230200.0,,,,,,,,,,,Consumable,Spritestone,600000.0,FALSE,FALSE,,,,,,
,,,,,,,,,,,,,,,,,,,,Gauntlets of Solitude,5130200.0,,,,,,,,,,,Consumable,Fire Coil,618000.0,FALSE,FALSE,,,,,,
,,,,,,,,,,,,,,,,,,,,Veteran's Gauntlets,780200.0,,,,,,,,,,,Consumable,Surging Frenzied Flame,616000.0,FALSE,FALSE,,,,,,
,,,,,,,,,,,,,,,,,,,,Scaled Gauntlets,80200.0,,,,,,,,,,,Consumable,Innard Meat,470000.0,FALSE,FALSE,,,,,,
,,,,,,,,,,,,,,,,,,,,Beast Champion Gauntlets,720200.0,,,,,,,,,,,Consumable,Call of Tibia,615000.0,FALSE,FALSE,,,,,,
,,,,,,,,,,,,,,,,,,,,Tree Sentinel Gauntlets,270200.0,,,,,,,,,,,Reusable,Wraith Calling Bell,308000.0,FALSE,FALSE,,,,,,
,,,,,,,,,,,,,,,,,,,,Malformed Dragon Gauntlets,260200.0,,,,,,,,,,,Reusable,Ancestral Infant's Head,300000.0,FALSE,FALSE,,,,,,
,,,,,,,,,,,,,,,,,,,,Crucible Gauntlets,570200.0,,,,,,,,,,,Reusable,Omen Bairn 1,301000.0,FALSE,FALSE,,,,,,
,,,,,,,,,,,,,,,,,,,,Gaius's Gauntlets,3010200.0,,,,,,,,,,,Reusable,Omen Bairn 2,301000.0,FALSE,FALSE,,,,,,
,,,,,,,,,,,,,,,,,,,,Radahn's Gauntlets,470200.0,,,,,,,,,,,Reusable,Regal Omen Bairn 1,301100.0,FALSE,FALSE,,,,,,
,,,,,,,,,,,,,,,,,,,,Young Lion's Gauntlets,5270200.0,,,,,,,,,,,Reusable,Regal Omen Bairn 2,301100.0,FALSE,FALSE,,,,,,
,,,,,,,,,,,,,,,,,,,,Lionel's Gauntlets,640200.0,,,,,,,,,,,Reusable,Horned Bairn,613000.0,FALSE,FALSE,,,,,,
,,,,,,,,,,,,,,,,,,,,Bull-Goat Gauntlets,140200.0,,,,,,,,,,,Reusable,Perfumed Oil of Ranah,614000.0,FALSE,FALSE,,,,,,
,,,,,,,,,,,,,,,,,,,,Verdigris Gauntlets,5010200.0,,,,,,,,,,,Reusable,Lamenter's Mask - Attack,502000.0,FALSE,FALSE,,,,,,
,,,,,,,,,,,,,,,,,,,,Omen Gauntlets,970200.0,,,,,,,,,,,,,,,,,,,,,
,,,,,,,,,,,,,,,,,,,,Fire Prelate Gauntlets,360200.0,,,,,,,,,,,,,,,,,,,,,
,,,,,,,,,,,,,,,,,,,,Cloth Trousers,160300.0,,,,,,,,,,,,,,,,,,,,,
,,,,,,,,,,,,,,,,,,,,Traveler's Boots,1020300.0,,,,,,,,,,,,,,,,,,,,,
,,,,,,,,,,,,,,,,,,,,Commoner's Shoes,810300.0,,,,,,,,,,,,,,,,,,,,,
,,,,,,,,,,,,,,,,,,,,Aristocrat Boots,370300.0,,,,,,,,,,,,,,,,,,,,,
,,,,,,,,,,,,,,,,,,,,Old Aristocrat Shoes,390300.0,,,,,,,,,,,,,,,,,,,,,
,,,,,,,,,,,,,,,,,,,,Page Trousers,220300.0,,,,,,,,,,,,,,,,,,,,,
,,,,,,,,,,,,,,,,,,,,Guardian Greaves,330300.0,,,,,,,,,,,,,,,,,,,,,
,,,,,,,,,,,,,,,,,,,,Prisoner Trousers,890300.0,,,,,,,,,,,,,,,,,,,,,
,,,,,,,,,,,,,,,,,,,,Soiled Loincloth,5070300.0,,,,,,,,,,,,,,,,,,,,,
,,,,,,,,,,,,,,,,,,,,Mushroom Legs,1130300.0,,,,,,,,,,,,,,,,,,,,,
,,,,,,,,,,,,,,,,,,,,Astrologer Trousers,630300.0,,,,,,,,,,,,,,,,,,,,,
,,,,,,,,,,,,,,,,,,,,Sorcerer Leggings,830300.0,,,,,,,,,,,,,,,,,,,,,
,,,,,,,,,,,,,,,,,,,,Battlemage Legwraps,1000300.0,,,,,,,,,,,,,,,,,,,,,
,,,,,,,,,,,,,,,,,,,,Errant Sorcerer Boots,990300.0,,,,,,,,,,,,,,,,,,,,,
,,,,,,,,,,,,,,,,,,,,Spellblade's Trousers,130300.0,,,,,,,,,,,,,,,,,,,,,
,,,,,,,,,,,,,,,,,,,,Alberich's Trousers,120300.0,,,,,,,,,,,,,,,,,,,,,
,,,,,,,,,,,,,,,,,,,,Preceptor's Trousers,910300.0,,,,,,,,,,,,,,,,,,,,,
,,,,,,,,,,,,,,,,,,,,Old Sorcerer's Legwraps,580300.0,,,,,,,,,,,,,,,,,,,,,
,,,,,,,,,,,,,,,,,,,,Queen's Leggings,510300.0,,,,,,,,,,,,,,,,,,,,,
,,,,,,,,,,,,,,,,,,,,Snow Witch Skirt,1010300.0,,,,,,,,,,,,,,,,,,,,,
,,,,,,,,,,,,,,,,,,,,High Priest Undergarments,5060300.0,,,,,,,,,,,,,,,,,,,,,
,,,,,,,,,,,,,,,,,,,,Prophet Trousers,620300.0,,,,,,,,,,,,,,,,,,,,,
,,,,,,,,,,,,,,,,,,,,Traveling Maiden Boots,900300.0,,,,,,,,,,,,,,,,,,,,,
,,,,,,,,,,,,,,,,,,,,Finger Maiden Shoes,902300.0,,,,,,,,,,,,,,,,,,,,,
,,,,,,,,,,,,,,,,,,,,Sage Trousers,430300.0,,,,,,,,,,,,,,,,,,,,,
,,,,,,,,,,,,,,,,,,,,Dryleaf Cuissardes,3000300.0,,,,,,,,,,,,,,,,,,,,,
,,,,,,,,,,,,,,,,,,,,Gold Waistwrap,1040300.0,,,,,,,,,,,,,,,,,,,,,
,,,,,,,,,,,,,,,,,,,,Perfumer Sarong,90300.0,,,,,,,,,,,,,,,,,,,,,
,,,,,,,,,,,,,,,,,,,,Traveler's Slops,100300.0,,,,,,,,,,,,,,,,,,,,,
,,,,,,,,,,,,,,,,,,,,Depraved Perfumer Trousers,540300.0,,,,,,,,,,,,,,,,,,,,,
,,,,,,,,,,,,,,,,,,,,Consort's Trousers,960300.0,,,,,,,,,,,,,,,,,,,,,
,,,,,,,,,,,,,,,,,,,,Fur Leggings,300300.0,,,,,,,,,,,,,,,,,,,,,
,,,,,,,,,,,,,,,,,,,,Shaman Leggings,301300.0,,,,,,,,,,,,,,,,,,,,,
,,,,,,,,,,,,,,,,,,,,Godskin Apostle Trousers,520300.0,,,,,,,,,,,,,,,,,,,,,
,,,,,,,,,,,,,,,,,,,,Godskin Noble Trousers,530300.0,,,,,,,,,,,,,,,,,,,,,
,,,,,,,,,,,,,,,,,,,,Sanguine Noble Waistcloth,320300.0,,,,,,,,,,,,,,,,,,,,,
,,,,,,,,,,,,,,,,,,,,Ansbach's Boots,5110300.0,,,,,,,,,,,,,,,,,,,,,
,,,,,,,,,,,,,,,,,,,,Leather Trousers,40300.0,,,,,,,,,,,,,,,,,,,,,
,,,,,,,,,,,,,,,,,,,,Leather Boots,1400300.0,,,,,,,,,,,,,,,,,,,,,
,,,,,,,,,,,,,,,,,,,,Warrior Greaves,670300.0,,,,,,,,,,,,,,,,,,,,,
,,,,,,,,,,,,,,,,,,,,Noble's Trousers,740300.0,,,,,,,,,,,,,,,,,,,,,
,,,,,,,,,,,,,,,,,,,,War Surgeon Trousers,680300.0,,,,,,,,,,,,,,,,,,,,,
,,,,,,,,,,,,,,,,,,,,Thiollier's Trousers,5030300.0,,,,,,,,,,,,,,,,,,,,,
,,,,,,,,,,,,,,,,,,,,Nomadic Merchant's Trousers,250300.0,,,,,,,,,,,,,,,,,,,,,
,,,,,,,,,,,,,,,,,,,,Bandit Boots,930300.0,,,,,,,,,,,,,,,,,,,,,
,,,,,,,,,,,,,,,,,,,,Confessor Boots,880300.0,,,,,,,,,,,,,,,,,,,,,
,,,,,,,,,,,,,,,,,,,,Omenkiller Boots,1890300.0,,,,,,,,,,,,,,,,,,,,,
,,,,,,,,,,,,,,,,,,,,Gravebird Anklets,5230300.0,,,,,,,,,,,,,,,,,,,,,
,,,,,,,,,,,,,,,,,,,,Dancer's Trousers,5080300.0,,,,,,,,,,,,,,,,,,,,,
,,,,,,,,,,,,,,,,,,,,Foot Soldier Greaves,1830300.0,,,,,,,,,,,,,,,,,,,,,
,,,,,,,,,,,,,,,,,,,,Common Soldier Greaves,5240300.0,,,,,,,,,,,,,,,,,,,,,
,,,,,,,,,,,,,,,,,,,,Vulgar Militia Greaves,420300.0,,,,,,,,,,,,,,,,,,,,,
,,,,,,,,,,,,,,,,,,,,Shadow Militiaman Greaves,5280300.0,,,,,,,,,,,,,,,,,,,,,
,,,,,,,,,,,,,,,,,,,,Duelist Greaves,310300.0,,,,,,,,,,,,,,,,,,,,,
,,,,,,,,,,,,,,,,,,,,Rotten Duelist Greaves,2000300.0,,,,,,,,,,,,,,,,,,,,,
,,,,,,,,,,,,,,,,,,,,Nox Greaves,290300.0,,,,,,,,,,,,,,,,,,,,,
,,,,,,,,,,,,,,,,,,,,Champion Gaiters,730300.0,,,,,,,,,,,,,,,,,,,,,
,,,,,,,,,,,,,,,,,,,,Leather Leg Wraps,5190300.0,,,,,,,,,,,,,,,,,,,,,
,,,,,,,,,,,,,,,,,,,,Iron Rivet Greaves,5020300.0,,,,,,,,,,,,,,,,,,,,,
,,,,,,,,,,,,,,,,,,,,Igon's Loincloth,5100300.0,,,,,,,,,,,,,,,,,,,,,
,,,,,,,,,,,,,,,,,,,,Ascetic's Ankle Guards,5210300.0,,,,,,,,,,,,,,,,,,,,,
,,,,,,,,,,,,,,,,,,,,Chain Leggings,1100300.0,,,,,,,,,,,,,,,,,,,,,
,,,,,,,,,,,,,,,,,,,,Godrick Soldier Greaves,1700300.0,,,,,,,,,,,,,,,,,,,,,
,,,,,,,,,,,,,,,,,,,,Raya Lucarian Greaves,1710300.0,,,,,,,,,,,,,,,,,,,,,
,,,,,,,,,,,,,,,,,,,,Radahn Soldier Greaves,1730300.0,,,,,,,,,,,,,,,,,,,,,
,,,,,,,,,,,,,,,,,,,,Leyndell Soldier Greaves,1720300.0,,,,,,,,,,,,,,,,,,,,,
,,,,,,,,,,,,,,,,,,,,Haligtree Greaves,1750300.0,,,,,,,,,,,,,,,,,,,,,
,,,,,,,,,,,,,,,,,,,,Mausoleum Greaves,1740300.0,,,,,,,,,,,,,,,,,,,,,
,,,,,,,,,,,,,,,,,,,,Messmer Soldier Greaves,5140300.0,,,,,,,,,,,,,,,,,,,,,
,,,,,,,,,,,,,,,,,,,,Exile Greaves,190300.0,,,,,,,,,,,,,,,,,,,,,
,,,,,,,,,,,,,,,,,,,,Kaiden Trousers,50300.0,,,,,,,,,,,,,,,,,,,,,
,,,,,,,,,,,,,,,,,,,,Land of Reeds Greaves,870300.0,,,,,,,,,,,,,,,,,,,,,
,,,,,,,,,,,,,,,,,,,,White Reed Greaves,872300.0,,,,,,,,,,,,,,,,,,,,,
,,,,,,,,,,,,,,,,,,,,Ronin's Greaves,150300.0,,,,,,,,,,,,,,,,,,,,,
,,,,,,,,,,,,,,,,,,,,Eccentric's Breeches,940300.0,,,,,,,,,,,,,,,,,,,,,
,,,,,,,,,,,,,,,,,,,,Freyja's Greaves,5120300.0,,,,,,,,,,,,,,,,,,,,,
,,,,,,,,,,,,,,,,,,,,Blue Silver Mail Skirt,240300.0,,,,,,,,,,,,,,,,,,,,,
,,,,,,,,,,,,,,,,,,,,Fire Monk Greaves,350300.0,,,,,,,,,,,,,,,,,,,,,
,,,,,,,,,,,,,,,,,,,,Blackflame Monk Greaves,351300.0,,,,,,,,,,,,,,,,,,,,,
,,,,,,,,,,,,,,,,,,,,Zamor Legwraps,1070300.0,,,,,,,,,,,,,,,,,,,,,
,,,,,,,,,,,,,,,,,,,,Black Knife Greaves,180300.0,,,,,,,,,,,,,,,,,,,,,
,,,,,,,,,,,,,,,,,,,,Greaves of Night,5090300.0,,,,,,,,,,,,,,,,,,,,,
,,,,,,,,,,,,,,,,,,,,Malenia's Greaves,770300.0,,,,,,,,,,,,,,,,,,,,,
,,,,,,,,,,,,,,,,,,,,Elden Lord Greaves,460300.0,,,,,,,,,,,,,,,,,,,,,
,,,,,,,,,,,,,,,,,,,,Messmer's Greaves,5220300.0,,,,,,,,,,,,,,,,,,,,,
,,,,,,,,,,,,,,,,,,,,Knight Greaves,1500300.0,,,,,,,,,,,,,,,,,,,,,
,,,,,,,,,,,,,,,,,,,,Vagabond Knight Greaves,660300.0,,,,,,,,,,,,,,,,,,,,,
,,,,,,,,,,,,,,,,,,,,Carian Knight Greaves,980300.0,,,,,,,,,,,,,,,,,,,,,
,,,,,,,,,,,,,,,,,,,,Godrick Knight Greaves,1770300.0,,,,,,,,,,,,,,,,,,,,,
,,,,,,,,,,,,,,,,,,,,Cuckoo Knight Greaves,1780300.0,,,,,,,,,,,,,,,,,,,,,
,,,,,,,,,,,,,,,,,,,,Redmane Knight Greaves,1800300.0,,,,,,,,,,,,,,,,,,,,,
,,,,,,,,,,,,,,,,,,,,Gelmir Knight Greaves,1760300.0,,,,,,,,,,,,,,,,,,,,,
,,,,,,,,,,,,,,,,,,,,Leyndell Knight Greaves,1790300.0,,,,,,,,,,,,,,,,,,,,,
,,,,,,,,,,,,,,,,,,,,Haligtree Knight Greaves,1820300.0,,,,,,,,,,,,,,,,,,,,,
,,,,,,,,,,,,,,,,,,,,Mausoleum Knight Greaves,1810300.0,,,,,,,,,,,,,,,,,,,,,
,,,,,,,,,,,,,,,,,,,,Black Knight Greaves,5150300.0,,,,,,,,,,,,,,,,,,,,,
,,,,,,,,,,,,,,,,,,,,Bloodhound Knight Greaves,790300.0,,,,,,,,,,,,,,,,,,,,,
,,,,,,,,,,,,,,,,,,,,Cleanrot Greaves,340300.0,,,,,,,,,,,,,,,,,,,,,
,,,,,,,,,,,,,,,,,,,,Fire Knight Greaves,5180300.0,,,,,,,,,,,,,,,,,,,,,
,,,,,,,,,,,,,,,,,,,,Death Knight Greaves,5200300.0,,,,,,,,,,,,,,,,,,,,,
,,,,,,,,,,,,,,,,,,,,Horned Warrior Greaves,5250300.0,,,,,,,,,,,,,,,,,,,,,
,,,,,,,,,,,,,,,,,,,,Divine Bird Warrior Greaves,5253300.0,,,,,,,,,,,,,,,,,,,,,
,,,,,,,,,,,,,,,,,,,,Oathseeker Knight Greaves,5000300.0,,,,,,,,,,,,,,,,,,,,,
,,,,,,,,,,,,,,,,,,,,Raging Wolf Greaves,860300.0,,,,,,,,,,,,,,,,,,,,,
,,,,,,,,,,,,,,,,,,,,Hoslow's Greaves,650300.0,,,,,,,,,,,,,,,,,,,,,
,,,,,,,,,,,,,,,,,,,,Twinned Greaves,600300.0,,,,,,,,,,,,,,,,,,,,,
,,,,,,,,,,,,,,,,,,,,Drake Knight Greaves,60300.0,,,,,,,,,,,,,,,,,,,,,
,,,,,,,,,,,,,,,,,,,,Blaidd's Greaves,170300.0,,,,,,,,,,,,,,,,,,,,,
,,,,,,,,,,,,,,,,,,,,Briar Greaves,210300.0,,,,,,,,,,,,,,,,,,,,,
,,,,,,,,,,,,,,,,,,,,Fingerprint Greaves,950300.0,,,,,,,,,,,,,,,,,,,,,
,,,,,,,,,,,,,,,,,,,,Rakshasa Greaves,5160300.0,,,,,,,,,,,,,,,,,,,,,
,,,,,,,,,,,,,,,,,,,,Royal Remains Greaves,690300.0,,,,,,,,,,,,,,,,,,,,,
,,,,,,,,,,,,,,,,,,,,All-Knowing Greaves,590300.0,,,,,,,,,,,,,,,,,,,,,
,,,,,,,,,,,,,,,,,,,,Royal Knight Greaves,280300.0,,,,,,,,,,,,,,,,,,,,,
,,,,,,,,,,,,,,,,,,,,Rellana's Greaves,5260300.0,,,,,,,,,,,,,,,,,,,,,
,,,,,,,,,,,,,,,,,,,,Maliketh's Greaves,760300.0,,,,,,,,,,,,,,,,,,,,,
,,,,,,,,,,,,,,,,,,,,Banished Knight Greaves,200300.0,,,,,,,,,,,,,,,,,,,,,
,,,,,,,,,,,,,,,,,,,,Night's Cavalry Greaves,230300.0,,,,,,,,,,,,,,,,,,,,,
,,,,,,,,,,,,,,,,,,,,Greaves of Solitude,5130300.0,,,,,,,,,,,,,,,,,,,,,
,,,,,,,,,,,,,,,,,,,,Veteran's Greaves,780300.0,,,,,,,,,,,,,,,,,,,,,
,,,,,,,,,,,,,,,,,,,,Scaled Greaves,80300.0,,,,,,,,,,,,,,,,,,,,,
,,,,,,,,,,,,,,,,,,,,Beast Champion Greaves,720300.0,,,,,,,,,,,,,,,,,,,,,
,,,,,,,,,,,,,,,,,,,,Tree Sentinel Greaves,270300.0,,,,,,,,,,,,,,,,,,,,,
,,,,,,,,,,,,,,,,,,,,Malformed Dragon Greaves,260300.0,,,,,,,,,,,,,,,,,,,,,
,,,,,,,,,,,,,,,,,,,,Crucible Greaves,570300.0,,,,,,,,,,,,,,,,,,,,,
,,,,,,,,,,,,,,,,,,,,Gaius's Greaves,3010300.0,,,,,,,,,,,,,,,,,,,,,
,,,,,,,,,,,,,,,,,,,,Radahn's Greaves,470300.0,,,,,,,,,,,,,,,,,,,,,
,,,,,,,,,,,,,,,,,,,,Young Lion's Greaves,5270300.0,,,,,,,,,,,,,,,,,,,,,
,,,,,,,,,,,,,,,,,,,,Lionel's Greaves,640300.0,,,,,,,,,,,,,,,,,,,,,
,,,,,,,,,,,,,,,,,,,,Bull-Goat Greaves,140300.0,,,,,,,,,,,,,,,,,,,,,
,,,,,,,,,,,,,,,,,,,,Verdigris Greaves,5010300.0,,,,,,,,,,,,,,,,,,,,,
,,,,,,,,,,,,,,,,,,,,Omen Greaves,970300.0,,,,,,,,,,,,,,,,,,,,,
,,,,,,,,,,,,,,,,,,,,Fire Prelate Greaves,360300.0,,,,,,,,,,,,,,,,,,,,,
