Weapon Class,Weapon,ID,isInfuse,isReinforce,isUnique,bothHandsAtkBonus,throwable,waAttackElementCorrectId,specialStatusSpEffectId,castingBonusType,castingBonusRate,defaultPhysType,,Infusion,Offset
Dagger,Dagger,1000000.0,TRUE,TRUE,FALSE,TRUE,FALSE,,,,,Slash,,Standard,0.0
Dagger,Parrying Dagger,1020000.0,TRUE,TRUE,FALSE,TRUE,FALSE,,,,,Slash,,Heavy,100.0
Dagger,Miséricorde,1030000.0,TRUE,TRUE,FALSE,TRUE,FALSE,,,,,Slash,,Keen,200.0
Dagger,Great Knife,1090000.0,TRUE,TRUE,FALSE,TRUE,FALSE,,,,,Slash,,Quality,300.0
Dagger,Bloodstained Dagger,1140000.0,TRUE,TRUE,FALSE,TRUE,FALSE,,,,,Slash,,Fire,400.0
Dagger,Erdsteel Dagger,1150000.0,TRUE,TRUE,FALSE,TRUE,FALSE,,,,,Slash,,Flame Art,500.0
Dagger,Fire Knight's Shortsword,1510000.0,TRUE,TRUE,FALSE,TRUE,FALSE,,,,,Slash,,Lightning,600.0
Dagger,Wakizashi,1100000.0,TRUE,TRUE,FALSE,TRUE,FALSE,,,,,Slash,,Sacred,700.0
Dagger,Main-gauche,1500000.0,TRUE,TRUE,FALSE,TRUE,FALSE,,,,,Slash,,Magic,800.0
Dagger,Celebrant's Sickle,1060000.0,TRUE,TRUE,FALSE,TRUE,FALSE,,,,,Slash,,Cold,900.0
Dagger,Ivory Sickle,1130000.0,FALSE,TRUE,FALSE,TRUE,FALSE,,,,,Slash,,Poison,1000.0
Dagger,Crystal Knife,1050000.0,FALSE,TRUE,FALSE,TRUE,FALSE,,,,,Slash,,Blood,1100.0
Dagger,Scorpion's Stinger,1080000.0,FALSE,TRUE,TRUE,TRUE,FALSE,,,,,Slash,,Occult,1200.0
Dagger,Cinquedea,1110000.0,FALSE,TRUE,TRUE,TRUE,FALSE,,,,,Slash,,,
Dagger,Glintstone Kris,1070000.0,FALSE,TRUE,TRUE,TRUE,FALSE,,,,,Slash,,,
Dagger,Reduvia,1040000.0,FALSE,TRUE,TRUE,TRUE,FALSE,,,,,Slash,,,
Dagger,Blade of Calling,1160000.0,FALSE,TRUE,TRUE,TRUE,FALSE,,,,,Slash,,,
Dagger,Black Knife,1010000.0,FALSE,TRUE,TRUE,TRUE,FALSE,,,,,Slash,,,
Throwing Blade,Smithscript Dagger,63500000.0,TRUE,TRUE,FALSE,FALSE,FALSE,,,,,Slash,,,
Straight Sword,Short Sword,2010000.0,TRUE,TRUE,FALSE,TRUE,FALSE,,,,,Standard,,,
Straight Sword,Longsword,2000000.0,TRUE,TRUE,FALSE,TRUE,FALSE,,,,,Standard,,,
Straight Sword,Broadsword,2020000.0,TRUE,TRUE,FALSE,TRUE,FALSE,,,,,Standard,,,
Straight Sword,Weathered Straight Sword,2050000.0,TRUE,TRUE,FALSE,TRUE,FALSE,,,,,Standard,,,
Straight Sword,Lordsworn's Straight Sword,2040000.0,TRUE,TRUE,FALSE,TRUE,FALSE,,,,,Standard,,,
Straight Sword,Noble's Slender Sword,2230000.0,TRUE,TRUE,FALSE,TRUE,FALSE,,,,,Standard,,,
Straight Sword,Cane Sword,2210000.0,TRUE,TRUE,FALSE,TRUE,FALSE,,,,,Standard,,,
Straight Sword,Stone-Sheathed Sword,2540000.0,FALSE,TRUE,TRUE,TRUE,FALSE,,,,,Strike,,,
Straight Sword,Warhawk's Talon,2240000.0,TRUE,TRUE,FALSE,TRUE,FALSE,,,,,Standard,,,
Straight Sword,Lazuli Glintstone Sword,2250000.0,FALSE,TRUE,TRUE,TRUE,FALSE,,,,,Standard,,,
Straight Sword,Carian Knight's Sword,2180000.0,FALSE,TRUE,TRUE,TRUE,FALSE,,,,,Standard,,,
Straight Sword,Crystal Sword,2150000.0,FALSE,TRUE,TRUE,TRUE,FALSE,,,,,Standard,,,
Straight Sword,Rotten Crystal Sword,2260000.0,FALSE,TRUE,TRUE,TRUE,FALSE,,,,,Standard,,,
Straight Sword,Miquellan Knight's Sword,2200000.0,FALSE,TRUE,TRUE,TRUE,FALSE,,,,,Standard,,,
Straight Sword,Ornamental Straight Sword,2060000.0,FALSE,TRUE,TRUE,FALSE,FALSE,,,,,Standard,,,
Straight Sword,Golden Epitaph,2070000.0,FALSE,TRUE,TRUE,TRUE,FALSE,,,,,Standard,,,
Straight Sword,Sword of St. Trina,2190000.0,FALSE,TRUE,TRUE,TRUE,FALSE,,,,,Standard,,,
Straight Sword,Velvet Sword of St. Trina,2510000.0,FALSE,TRUE,TRUE,TRUE,FALSE,,,,,Standard,,,
Straight Sword,Regalia of Eochaid,2220000.0,FALSE,TRUE,TRUE,TRUE,FALSE,,,,,Standard,,,
Straight Sword,Coded Sword,2110000.0,FALSE,TRUE,TRUE,TRUE,FALSE,,,,,Standard,,,
Straight Sword,Sword of Night and Flame,2140000.0,FALSE,TRUE,TRUE,TRUE,FALSE,,,,,Standard,,,
Straight Sword,Sword of Light,2550000.0,FALSE,TRUE,TRUE,TRUE,FALSE,,,,,Standard,,,
Straight Sword,Sword of Darkness,2560000.0,FALSE,TRUE,TRUE,TRUE,FALSE,,,,,Standard,,,
Light Greatsword,Milady,67500000.0,TRUE,TRUE,FALSE,TRUE,FALSE,,,,,Standard,,,
Light Greatsword,Leda's Sword,67510000.0,FALSE,TRUE,TRUE,TRUE,FALSE,,,,,Standard,,,
Light Greatsword,Rellana's Twin Blades,67520000.0,FALSE,TRUE,TRUE,FALSE,FALSE,,,,,Standard,,,
Greatsword,Bastard Sword,3000000.0,TRUE,TRUE,FALSE,TRUE,FALSE,,,,,Standard,,,
Greatsword,Claymore,3180000.0,TRUE,TRUE,FALSE,TRUE,FALSE,,,,,Standard,,,
Greatsword,Iron Greatsword,3020000.0,TRUE,TRUE,FALSE,TRUE,FALSE,,,,,Standard,,,
Greatsword,Lordsworn's Greatsword,3030000.0,TRUE,TRUE,FALSE,TRUE,FALSE,,,,,Standard,,,
Greatsword,Knight's Greatsword,3040000.0,TRUE,TRUE,FALSE,TRUE,FALSE,,,,,Standard,,,
Greatsword,Banished Knight's Greatsword,3080000.0,TRUE,TRUE,FALSE,TRUE,FALSE,,,,,Standard,,,
Greatsword,Forked Greatsword,3010000.0,TRUE,TRUE,FALSE,TRUE,FALSE,,,,,Standard,,,
Greatsword,Lizard Greatsword,3520000.0,TRUE,TRUE,FALSE,TRUE,FALSE,,,,,Strike,,,
Greatsword,Flamberge,3050000.0,TRUE,TRUE,FALSE,TRUE,FALSE,,,,,Standard,,,
Greatsword,Gargoyle's Greatsword,3190000.0,TRUE,TRUE,FALSE,TRUE,FALSE,,,,,Standard,,,
Greatsword,Gargoyle's Blackblade,3210000.0,FALSE,TRUE,TRUE,TRUE,FALSE,,,,,Standard,,,
Greatsword,Inseparable Sword,2090000.0,FALSE,TRUE,TRUE,TRUE,FALSE,,,,,Standard,,,
Greatsword,Sword of Milos,3160000.0,FALSE,TRUE,TRUE,TRUE,FALSE,,,,,Standard,,,
Greatsword,Marais Executioner's Sword,3150000.0,FALSE,TRUE,TRUE,TRUE,FALSE,,,,,Standard,,,
Greatsword,Greatsword of Solitude,3550000.0,FALSE,TRUE,TRUE,TRUE,FALSE,,,,,Standard,,,
Greatsword,Ordovis's Greatsword,3060000.0,FALSE,TRUE,TRUE,TRUE,FALSE,,,,,Standard,,,
Greatsword,Alabaster Lord's Sword,3070000.0,FALSE,TRUE,TRUE,TRUE,FALSE,,,,,Standard,,,
Greatsword,Death's Poker,3200000.0,FALSE,TRUE,TRUE,TRUE,FALSE,,,,,Standard,,,
Greatsword,Helphen's Steeple,3130000.0,FALSE,TRUE,TRUE,TRUE,FALSE,,,,,Standard,,,
Greatsword,Blasphemous Blade,3140000.0,FALSE,TRUE,TRUE,TRUE,FALSE,,,,,Standard,,,
Greatsword,Golden Order Greatsword,3170000.0,FALSE,TRUE,TRUE,TRUE,FALSE,,,,,Standard,,,
Greatsword,Dark Moon Greatsword,3090000.0,FALSE,TRUE,TRUE,TRUE,FALSE,,,,,Standard,,,
Greatsword,Greatsword of Damnation,3510000.0,FALSE,TRUE,TRUE,TRUE,FALSE,,,,,Standard,,,
Greatsword,Sacred Relic Sword,3100000.0,FALSE,TRUE,TRUE,TRUE,FALSE,,,,,Standard,,,
Colossal Sword,Zweihander,4040000.0,TRUE,TRUE,FALSE,TRUE,FALSE,,,,,Standard,,,
Colossal Sword,Greatsword,4000000.0,TRUE,TRUE,FALSE,TRUE,FALSE,,,,,Standard,,,
Colossal Sword,Watchdog's Greatsword,4010000.0,TRUE,TRUE,FALSE,TRUE,FALSE,,,,,Standard,,,
Colossal Sword,Fire Knight's Greatsword,4520000.0,TRUE,TRUE,FALSE,TRUE,FALSE,,,,,Standard,,,
Colossal Sword,Troll's Golden Sword,4030000.0,TRUE,TRUE,FALSE,TRUE,FALSE,,,,,Standard,,,
Colossal Sword,Troll Knight's Sword,4110000.0,FALSE,TRUE,TRUE,TRUE,FALSE,,,,,Standard,,,
Colossal Sword,Moonrithyll's Knight Sword,4540000.0,FALSE,TRUE,TRUE,TRUE,FALSE,,,,,Standard,,,
Colossal Sword,Royal Greatsword,4060000.0,FALSE,TRUE,TRUE,TRUE,FALSE,,,,,Standard,,,
Colossal Sword,Grafted Blade Greatsword,4100000.0,FALSE,TRUE,TRUE,TRUE,FALSE,,,,,Standard,,,
Colossal Sword,Ruins Greatsword,4080000.0,FALSE,TRUE,TRUE,TRUE,FALSE,,,,,Standard,,,
Colossal Sword,Ancient Meteoric Ore Greatsword,4500000.0,FALSE,TRUE,TRUE,TRUE,FALSE,,,,,Standard,,,
Colossal Sword,Starscourge Greatsword,4050000.0,FALSE,TRUE,TRUE,FALSE,FALSE,,,,,Standard,,,
Colossal Sword,Greatsword of Radahn (Lord),4530000.0,FALSE,TRUE,TRUE,FALSE,FALSE,,,,,Standard,,,
Colossal Sword,Greatsword of Radahn (Light),4550000.0,FALSE,TRUE,TRUE,FALSE,FALSE,,,,,Standard,,,
Colossal Sword,Godslayer's Greatsword,4070000.0,FALSE,TRUE,TRUE,TRUE,FALSE,,,,,Standard,,,
Colossal Sword,Maliketh's Black Blade,4020000.0,FALSE,TRUE,TRUE,TRUE,FALSE,,,,,Standard,,,
Thrusting Sword,Rapier,5020000.0,TRUE,TRUE,FALSE,TRUE,FALSE,,,,,Pierce,,,
Thrusting Sword,Estoc,5000000.0,TRUE,TRUE,FALSE,TRUE,FALSE,,,,,Pierce,,,
Thrusting Sword,Noble's Estoc,5060000.0,TRUE,TRUE,FALSE,TRUE,FALSE,,,,,Pierce,,,
Thrusting Sword,Cleanrot Knight's Sword,5010000.0,TRUE,TRUE,FALSE,TRUE,FALSE,,,,,Pierce,,,
Thrusting Sword,Rogier's Rapier,5030000.0,TRUE,TRUE,FALSE,TRUE,FALSE,,,,,Pierce,,,
Thrusting Sword,Antspur Rapier,5040000.0,TRUE,TRUE,FALSE,TRUE,FALSE,,,,,Pierce,,,
Thrusting Sword,Frozen Needle,5050000.0,FALSE,TRUE,TRUE,TRUE,FALSE,,,,,Pierce,,,
Thrusting Sword,Carian Sorcery Sword,2530000.0,FALSE,TRUE,FALSE,TRUE,FALSE,,,,,Pierce,,,
Heavy Thrusting Sword,Great Épée,6020000.0,TRUE,TRUE,FALSE,TRUE,FALSE,,,,,Pierce,,,
Heavy Thrusting Sword,Godskin Stitcher,6010000.0,TRUE,TRUE,FALSE,TRUE,FALSE,,,,,Pierce,,,
Heavy Thrusting Sword,Queelign's Greatsword,6500000.0,TRUE,TRUE,FALSE,TRUE,FALSE,,,,,Pierce,,,
Heavy Thrusting Sword,Bloody Helice,6000000.0,FALSE,TRUE,TRUE,TRUE,FALSE,,,,,Pierce,,,
Heavy Thrusting Sword,Dragon King's Cragblade,6040000.0,FALSE,TRUE,TRUE,TRUE,FALSE,,,,,Pierce,,,
Heavy Thrusting Sword,Sword Lance,3500000.0,TRUE,TRUE,FALSE,TRUE,FALSE,,,,,Pierce,,,
Curved Sword,Scimitar,7140000.0,TRUE,TRUE,FALSE,TRUE,FALSE,,,,,Slash,,,
Curved Sword,Falchion,7000000.0,TRUE,TRUE,FALSE,TRUE,FALSE,,,,,Slash,,,
Curved Sword,Shamshir,7030000.0,TRUE,TRUE,FALSE,TRUE,FALSE,,,,,Slash,,,
Curved Sword,Grossmesser,7150000.0,TRUE,TRUE,FALSE,TRUE,FALSE,,,,,Slash,,,
Curved Sword,Bandit's Curved Sword,7040000.0,TRUE,TRUE,FALSE,TRUE,FALSE,,,,,Slash,,,
Curved Sword,Shotel,7020000.0,TRUE,TRUE,FALSE,TRUE,FALSE,,,,,Slash,,,
Curved Sword,Scavenger's Curved Sword,7080000.0,TRUE,TRUE,FALSE,TRUE,FALSE,,,,,Slash,,,
Curved Sword,Mantis Blade,7120000.0,TRUE,TRUE,FALSE,TRUE,FALSE,,,,,Slash,,,
Curved Sword,Beastman's Curved Sword,7010000.0,TRUE,TRUE,FALSE,TRUE,FALSE,,,,,Slash,,,
Curved Sword,Flowing Curved Sword,7060000.0,TRUE,TRUE,FALSE,TRUE,FALSE,,,,,Slash,,,
Curved Sword,Serpent-God's Curved Sword,7110000.0,TRUE,TRUE,FALSE,TRUE,FALSE,,,,,Slash,,,
Curved Sword,Magma Blade,7050000.0,FALSE,TRUE,TRUE,TRUE,FALSE,,,,,Slash,,,
Curved Sword,Spirit Sword,7500000.0,FALSE,TRUE,TRUE,TRUE,FALSE,,,,,Slash,,,
Curved Sword,Nox Flowing Sword,2080000.0,FALSE,TRUE,TRUE,TRUE,FALSE,,,,,Slash,,,
Curved Sword,Wing of Astel,7070000.0,FALSE,TRUE,TRUE,TRUE,FALSE,,,,,Slash,,,
Curved Sword,Falx,7510000.0,FALSE,TRUE,TRUE,FALSE,FALSE,,,,,Slash,,,
Curved Sword,Dancing Blade of Ranah,7520000.0,FALSE,TRUE,TRUE,FALSE,FALSE,,,,,Slash,,,
Curved Sword,Horned Warrior's Sword,7530000.0,FALSE,TRUE,TRUE,FALSE,FALSE,,,,,Slash,,,
Curved Sword,Eclipse Shotel,7100000.0,FALSE,TRUE,TRUE,TRUE,FALSE,,,,,Slash,,,
Curved Greatsword,Dismounter,8020000.0,TRUE,TRUE,FALSE,TRUE,FALSE,,,,,Slash,,,
Curved Greatsword,Omen Cleaver,8060000.0,TRUE,TRUE,FALSE,TRUE,FALSE,,,,,Slash,,,
Curved Greatsword,Monk's Flameblade,8070000.0,TRUE,TRUE,FALSE,TRUE,FALSE,,,,,Slash,,,
Curved Greatsword,Beastman's Cleaver,8080000.0,TRUE,TRUE,FALSE,TRUE,FALSE,,,,,Slash,,,
Curved Greatsword,Freyja's Greatsword,8510000.0,TRUE,TRUE,FALSE,TRUE,FALSE,,,,,Slash,,,
Curved Greatsword,Bloodhound's Fang,8030000.0,FALSE,TRUE,TRUE,TRUE,FALSE,,,,,Slash,,,
Curved Greatsword,Onyx Lord's Greatsword,8010000.0,FALSE,TRUE,TRUE,TRUE,FALSE,,,,,Slash,,,
Curved Greatsword,Zamor Curved Sword,8050000.0,FALSE,TRUE,TRUE,TRUE,FALSE,,,,,Slash,,,
Curved Greatsword,Magma Wyrm's Scalesword,8040000.0,FALSE,TRUE,TRUE,TRUE,FALSE,,,,,Slash,,,
Curved Greatsword,Horned Warrior's Greatsword,8520000.0,FALSE,TRUE,TRUE,TRUE,FALSE,,,,,Slash,,,
Curved Greatsword,Morgott's Cursed Sword,8100000.0,FALSE,TRUE,TRUE,TRUE,FALSE,,,,,Slash,,,
Backhand Blade,Backhand Blade,64500000.0,TRUE,TRUE,FALSE,FALSE,FALSE,,,,,Slash,,,
Backhand Blade,Smithscript Cirque,64510000.0,TRUE,TRUE,FALSE,FALSE,FALSE,,,,,Slash,,,
Backhand Blade,Curseblade's Cirque,64520000.0,FALSE,TRUE,TRUE,FALSE,FALSE,,,,,Slash,,,
Katana,Uchigatana,9000000.0,TRUE,TRUE,FALSE,TRUE,FALSE,,,,,Slash,,,
Katana,Nagakiba,9010000.0,TRUE,TRUE,FALSE,TRUE,FALSE,,,,,Slash,,,
Katana,Serpentbone Blade,9080000.0,FALSE,TRUE,FALSE,TRUE,FALSE,,,,,Slash,,,
Katana,Meteoric Ore Blade,9030000.0,FALSE,TRUE,TRUE,TRUE,FALSE,,,,,Slash,,,
Katana,Moonveil,9060000.0,FALSE,TRUE,TRUE,TRUE,FALSE,,,,,Slash,,,
Katana,Sword of Night,9500000.0,FALSE,TRUE,TRUE,TRUE,FALSE,,,,,Slash,,,
Katana,Rivers of Blood,9040000.0,FALSE,TRUE,TRUE,TRUE,FALSE,,,,,Slash,,,
Katana,Dragonscale Blade,9070000.0,FALSE,TRUE,TRUE,TRUE,FALSE,,,,,Slash,,,
Katana,Star-Lined Sword,2520000.0,FALSE,TRUE,TRUE,TRUE,FALSE,,,,,Slash,,,
Katana,Hand of Malenia,9020000.0,FALSE,TRUE,TRUE,TRUE,FALSE,,,,,Slash,,,
Great Katana,Great Katana,66500000.0,TRUE,TRUE,FALSE,TRUE,FALSE,,,,,Slash,,,
Great Katana,Dragon-Hunter's Great Katana,66510000.0,FALSE,TRUE,TRUE,TRUE,FALSE,,,,,Slash,,,
Great Katana,Rakshasa's Great Katana,66520000.0,FALSE,TRUE,TRUE,TRUE,FALSE,,,,,Slash,,,
Twinblade,Twinblade,10000000.0,TRUE,TRUE,FALSE,TRUE,FALSE,,,,,Standard,,,
Twinblade,Twinned Knight Swords,10030000.0,TRUE,TRUE,FALSE,TRUE,FALSE,,,,,Standard,,,
Twinblade,Black Steel Twinblade,10510000.0,TRUE,TRUE,FALSE,TRUE,FALSE,,,,,Standard,,,
Twinblade,Godskin Peeler,10010000.0,TRUE,TRUE,FALSE,TRUE,FALSE,,,,,Standard,,,
Twinblade,Gargoyle's Twinblade,10080000.0,TRUE,TRUE,FALSE,TRUE,FALSE,,,,,Standard,,,
Twinblade,Gargoyle's Black Blades,10090000.0,FALSE,TRUE,TRUE,TRUE,FALSE,,,,,Standard,,,
Twinblade,Eleonora's Poleblade,10050000.0,FALSE,TRUE,TRUE,TRUE,FALSE,,,,,Standard,,,
Twinblade,Euporia,10500000.0,FALSE,TRUE,TRUE,TRUE,FALSE,,,,,Standard,,,
Axe,Hand Axe,14020000.0,TRUE,TRUE,FALSE,TRUE,FALSE,,,,,Standard,,,
Axe,Forked Hatchet,14010000.0,TRUE,TRUE,FALSE,TRUE,FALSE,,,,,Pierce,,,
Axe,Forked-Tongue Hatchet,14540000.0,FALSE,TRUE,FALSE,TRUE,FALSE,,,,,Pierce,,,
Axe,Battle Axe,14000000.0,TRUE,TRUE,FALSE,TRUE,FALSE,,,,,Standard,,,
Axe,Messmer Soldier's Axe,14520000.0,TRUE,TRUE,FALSE,TRUE,FALSE,,,,,Standard,,,
Axe,Warped Axe,15010000.0,TRUE,TRUE,FALSE,TRUE,FALSE,,,,,Standard,,,
Axe,Jawbone Axe,14030000.0,TRUE,TRUE,FALSE,TRUE,FALSE,,,,,Strike,,,
Axe,Iron Cleaver,14040000.0,TRUE,TRUE,FALSE,TRUE,FALSE,,,,,Standard,,,
Axe,Highland Axe,14100000.0,TRUE,TRUE,FALSE,TRUE,FALSE,,,,,Standard,,,
Axe,Smithscript Axe,14500000.0,TRUE,TRUE,FALSE,TRUE,FALSE,,,,,Standard,,,
Axe,Celebrant's Cleaver,14060000.0,TRUE,TRUE,FALSE,TRUE,FALSE,,,,,Standard,,,
Axe,Sacrificial Axe,14110000.0,TRUE,TRUE,FALSE,TRUE,FALSE,,,,,Standard,,,
Axe,Icerind Hatchet,14080000.0,FALSE,TRUE,TRUE,TRUE,FALSE,,,,,Standard,,,
Axe,Ripple Blade,14050000.0,FALSE,TRUE,FALSE,TRUE,FALSE,,,,,Standard,,,
Axe,Stormhawk Axe,14140000.0,FALSE,TRUE,TRUE,TRUE,FALSE,,,,,Standard,,,
Axe,Rosus' Axe,14120000.0,FALSE,TRUE,TRUE,TRUE,FALSE,,,,,Standard,,,
Axe,Death Knight's Twin Axes,14510000.0,FALSE,TRUE,TRUE,FALSE,FALSE,,,,,Standard,,,
Greataxe,Greataxe,15000000.0,TRUE,TRUE,FALSE,TRUE,FALSE,,,,,Standard,,,
Greataxe,Crescent Moon Axe,15030000.0,TRUE,TRUE,FALSE,TRUE,FALSE,,,,,Standard,,,
Greataxe,Longhaft Axe,15050000.0,TRUE,TRUE,FALSE,TRUE,FALSE,,,,,Standard,,,
Greataxe,Executioner's Greataxe,15080000.0,TRUE,TRUE,FALSE,TRUE,FALSE,,,,,Standard,,,
Greataxe,Great Omenkiller Cleaver,15020000.0,TRUE,TRUE,FALSE,TRUE,FALSE,,,,,Standard,,,
Greataxe,Rusted Anchor,15060000.0,TRUE,TRUE,FALSE,TRUE,FALSE,,,,,Pierce,,,
Greataxe,Butchering Knife,15120000.0,TRUE,TRUE,FALSE,TRUE,FALSE,,,,,Standard,,,
Greataxe,Bonny Butchering Knife,15510000.0,FALSE,TRUE,TRUE,TRUE,FALSE,,,,,Standard,,,
Greataxe,Gargoyle's Great Axe,15130000.0,TRUE,TRUE,FALSE,TRUE,FALSE,,,,,Standard,,,
Greataxe,Gargoyle's Black Axe,15140000.0,FALSE,TRUE,TRUE,TRUE,FALSE,,,,,Standard,,,
Greataxe,Death Knight's Longhaft Axe,15500000.0,FALSE,TRUE,TRUE,TRUE,FALSE,,,,,Standard,,,
Greataxe,Winged Greathorn,15110000.0,FALSE,TRUE,TRUE,TRUE,FALSE,,,,,Standard,,,
Greataxe,Axe of Godrick,15040000.0,FALSE,TRUE,TRUE,TRUE,FALSE,,,,,Standard,,,
Greataxe,Putrescence Cleaver,8500000.0,FALSE,TRUE,TRUE,TRUE,FALSE,,,,,Slash,,,
Hammer,Club,11010000.0,TRUE,TRUE,FALSE,TRUE,FALSE,,,,,Strike,,,
Hammer,Curved Club,11030000.0,TRUE,TRUE,FALSE,TRUE,FALSE,,,,,Strike,,,
Hammer,Spiked Club,11070000.0,TRUE,TRUE,FALSE,TRUE,FALSE,,,,,Strike,,,
Hammer,Stone Club,11140000.0,TRUE,TRUE,FALSE,TRUE,FALSE,,,,,Strike,,,
Hammer,Mace,11000000.0,TRUE,TRUE,FALSE,TRUE,FALSE,,,,,Strike,,,
Hammer,Morning Star,11050000.0,TRUE,TRUE,FALSE,TRUE,FALSE,,,,,Strike,,,
Hammer,Warpick,11040000.0,TRUE,TRUE,FALSE,TRUE,FALSE,,,,,Pierce,,,
Hammer,Hammer,11080000.0,TRUE,TRUE,FALSE,TRUE,FALSE,,,,,Strike,,,
Hammer,Monk's Flamemace,11090000.0,TRUE,TRUE,FALSE,TRUE,FALSE,,,,,Strike,,,
Hammer,Varré's Bouquet,11060000.0,FALSE,TRUE,TRUE,TRUE,FALSE,,,,,Strike,,,
Hammer,Envoy's Horn,11100000.0,FALSE,TRUE,TRUE,TRUE,FALSE,,,,,Strike,,,
Hammer,Nox Flowing Hammer,11120000.0,FALSE,TRUE,TRUE,TRUE,FALSE,,,,,Strike,,,
Hammer,Ringed Finger,11130000.0,FALSE,TRUE,TRUE,TRUE,FALSE,,,,,Strike,,,
Hammer,Scepter of the All-Knowing,11110000.0,FALSE,TRUE,TRUE,TRUE,FALSE,,,,,Strike,,,
Hammer,Flowerstone Gavel,11500000.0,FALSE,TRUE,TRUE,TRUE,FALSE,,,,,Pierce,,,
Hammer,Marika's Hammer,11150000.0,FALSE,TRUE,TRUE,TRUE,FALSE,,,,,Strike,,,
Flail,Flail,13010000.0,TRUE,TRUE,FALSE,TRUE,FALSE,,,,,Strike,,,
Flail,Nightrider Flail,13000000.0,TRUE,TRUE,FALSE,TRUE,FALSE,,,,,Strike,,,
Flail,Chainlink Flail,13040000.0,TRUE,TRUE,FALSE,TRUE,FALSE,,,,,Strike,,,
Flail,Family Heads,13020000.0,FALSE,TRUE,TRUE,TRUE,FALSE,,,,,Strike,,,
Flail,Serpent Flail,13500000.0,FALSE,TRUE,TRUE,TRUE,FALSE,,,,,Strike,,,
Flail,Bastard's Stars,13030000.0,FALSE,TRUE,TRUE,TRUE,FALSE,,,,,Strike,,,
Great Hammer,Large Club,12000000.0,TRUE,TRUE,FALSE,TRUE,FALSE,,,,,Strike,,,
Great Hammer,Curved Great Club,12080000.0,TRUE,TRUE,FALSE,TRUE,FALSE,,,,,Strike,,,
Great Hammer,Great Mace,12060000.0,TRUE,TRUE,FALSE,TRUE,FALSE,,,,,Strike,,,
Great Hammer,Pickaxe,12140000.0,TRUE,TRUE,FALSE,TRUE,FALSE,,,,,Pierce,,,
Great Hammer,Brick Hammer,12190000.0,TRUE,TRUE,FALSE,TRUE,FALSE,,,,,Strike,,,
Great Hammer,Battle Hammer,12020000.0,TRUE,TRUE,FALSE,TRUE,FALSE,,,,,Strike,,,
Great Hammer,Rotten Battle Hammer,12210000.0,TRUE,TRUE,FALSE,TRUE,FALSE,,,,,Strike,,,
Great Hammer,Celebrant's Skull,12130000.0,TRUE,TRUE,FALSE,TRUE,FALSE,,,,,Strike,,,
Great Hammer,Great Stars,12180000.0,TRUE,TRUE,FALSE,TRUE,FALSE,,,,,Strike,,,
Great Hammer,Black Steel Greathammer,12520000.0,TRUE,TRUE,FALSE,TRUE,FALSE,,,,,Strike,,,
Great Hammer,Smithscript Greathammer,12500000.0,TRUE,TRUE,FALSE,TRUE,FALSE,,,,,Strike,,,
Great Hammer,Greathorn Hammer,12010000.0,TRUE,TRUE,FALSE,TRUE,FALSE,,,,,Strike,,,
Great Hammer,Envoy's Long Horn,12160000.0,FALSE,TRUE,TRUE,TRUE,FALSE,,,,,Strike,,,
Great Hammer,Cranial Vessel Candlestand,12170000.0,FALSE,TRUE,TRUE,TRUE,FALSE,,,,,Strike,,,
Great Hammer,Beastclaw Greathammer,12150000.0,FALSE,TRUE,TRUE,TRUE,FALSE,,,,,Strike,,,
Great Hammer,Devourer's Scepter,12200000.0,FALSE,TRUE,TRUE,TRUE,FALSE,,,,,Strike,,,
Colossal Weapon,Duelist Greataxe,23040000.0,TRUE,TRUE,FALSE,TRUE,FALSE,,,,,Standard,,,
Colossal Weapon,Rotten Greataxe,23150000.0,TRUE,TRUE,FALSE,TRUE,FALSE,,,,,Standard,,,
Colossal Weapon,Golem's Halberd,23120000.0,TRUE,TRUE,FALSE,TRUE,FALSE,,,,,Standard,,,
Colossal Weapon,Giant-Crusher,23110000.0,TRUE,TRUE,FALSE,TRUE,FALSE,,,,,Strike,,,
Colossal Weapon,Prelate's Inferno Crozier,23000000.0,TRUE,TRUE,FALSE,TRUE,FALSE,,,,,Strike,,,
Colossal Weapon,Great Club,23020000.0,FALSE,TRUE,FALSE,TRUE,FALSE,,,,,Strike,,,
Colossal Weapon,Troll's Hammer,23130000.0,FALSE,TRUE,FALSE,TRUE,FALSE,,,,,Strike,,,
Colossal Weapon,Dragon Greatclaw,23060000.0,FALSE,TRUE,TRUE,TRUE,FALSE,,,,,Standard,,,
Colossal Weapon,Bloodfiend's Arm,12530000.0,TRUE,TRUE,FALSE,TRUE,FALSE,,,,,Strike,,,
Colossal Weapon,Watchdog's Staff,23010000.0,FALSE,TRUE,TRUE,TRUE,FALSE,,,,,Strike,,,
Colossal Weapon,Staff of the Avatar,23070000.0,FALSE,TRUE,TRUE,TRUE,FALSE,,,,,Strike,,,
Colossal Weapon,Rotten Staff,23140000.0,FALSE,TRUE,TRUE,TRUE,FALSE,,,,,Strike,,,
Colossal Weapon,Envoy's Greathorn,23030000.0,FALSE,TRUE,TRUE,TRUE,FALSE,,,,,Strike,,,
Colossal Weapon,Ghiza's Wheel,23100000.0,FALSE,TRUE,TRUE,TRUE,FALSE,,,,,Standard,,,
Colossal Weapon,Fallingstar Beast Jaw,23080000.0,FALSE,TRUE,TRUE,TRUE,FALSE,,,,,Pierce,,,
Colossal Weapon,Anvil Hammer,12510000.0,FALSE,TRUE,TRUE,TRUE,FALSE,,,,,Strike,,,
Colossal Weapon,Devonia's Hammer,23500000.0,FALSE,TRUE,TRUE,TRUE,FALSE,,,,,Strike,,,
Colossal Weapon,Axe of Godfrey,23050000.0,FALSE,TRUE,TRUE,TRUE,FALSE,,,,,Standard,,,
Colossal Weapon,Shadow Sunflower Blossom,23510000.0,FALSE,TRUE,TRUE,TRUE,FALSE,,,,,Strike,,,
Colossal Weapon,Gazing Finger,23520000.0,FALSE,TRUE,TRUE,TRUE,FALSE,,,,,Strike,,,
Spear,Short Spear,16000000.0,TRUE,TRUE,FALSE,TRUE,FALSE,,,,,Pierce,,,
Spear,Iron Spear,16150000.0,TRUE,TRUE,FALSE,TRUE,FALSE,,,,,Pierce,,,
Spear,Spear,16010000.0,TRUE,TRUE,FALSE,TRUE,FALSE,,,,,Pierce,,,
Spear,Partisan,16050000.0,TRUE,TRUE,FALSE,TRUE,FALSE,,,,,Pierce,,,
Spear,Pike,16070000.0,TRUE,TRUE,FALSE,TRUE,FALSE,,,,,Pierce,,,
Spear,Swift Spear,16520000.0,TRUE,TRUE,FALSE,TRUE,FALSE,,,,,Pierce,,,
Spear,Spiked Spear,16140000.0,TRUE,TRUE,FALSE,TRUE,FALSE,,,,,Pierce,,,
Spear,Cross-Naginata,16110000.0,TRUE,TRUE,FALSE,TRUE,FALSE,,,,,Slash,,,
Spear,Clayman's Harpoon,16030000.0,TRUE,TRUE,FALSE,TRUE,FALSE,,,,,Pierce,,,
Spear,Bloodfiend's Fork,16540000.0,TRUE,TRUE,FALSE,TRUE,FALSE,,,,,Standard,,,
Spear,Celebrant's Rib-Rake,16060000.0,TRUE,TRUE,FALSE,TRUE,FALSE,,,,,Standard,,,
Spear,Torchpole,16080000.0,FALSE,TRUE,FALSE,TRUE,FALSE,,,,,Standard,,,
Spear,Smithscript Spear,16500000.0,TRUE,TRUE,FALSE,TRUE,FALSE,,,,,Standard,,,
Spear,Inquisitor's Girandole,16130000.0,FALSE,TRUE,TRUE,TRUE,FALSE,,,,,Standard,,,
Spear,Crystal Spear,16020000.0,FALSE,TRUE,TRUE,TRUE,FALSE,,,,,Standard,,,
Spear,Rotten Crystal Spear,16160000.0,FALSE,TRUE,TRUE,TRUE,FALSE,,,,,Standard,,,
Spear,Cleanrot Spear,16040000.0,FALSE,TRUE,TRUE,TRUE,FALSE,,,,,Standard,,,
Spear,Death Ritual Spear,16120000.0,FALSE,TRUE,TRUE,TRUE,FALSE,,,,,Standard,,,
Spear,Bolt of Gransax,16090000.0,FALSE,TRUE,TRUE,TRUE,FALSE,,,,,Standard,,,
Great Spear,Lance,17060000.0,TRUE,TRUE,FALSE,TRUE,FALSE,,,,,Pierce,,,
Great Spear,Messmer Soldier's Spear,17510000.0,TRUE,TRUE,FALSE,TRUE,FALSE,,,,,Pierce,,,
Great Spear,Treespear,17070000.0,FALSE,TRUE,FALSE,TRUE,FALSE,,,,,Pierce,,,
Great Spear,Serpent-Hunter,17030000.0,FALSE,TRUE,TRUE,TRUE,FALSE,,,,,Pierce,,,
Great Spear,Siluria's Tree,17020000.0,FALSE,TRUE,TRUE,TRUE,FALSE,,,,,Pierce,,,
Great Spear,Vyke's War Spear,17050000.0,FALSE,TRUE,TRUE,TRUE,FALSE,,,,,Pierce,,,
Great Spear,Barbed Staff-Spear,17520000.0,FALSE,TRUE,TRUE,TRUE,FALSE,,,,,Pierce,,,
Great Spear,Bloodfiend's Sacred Spear,16550000.0,FALSE,TRUE,TRUE,TRUE,FALSE,,,,,Pierce,,,
Great Spear,Mohgwyn's Sacred Spear,17010000.0,FALSE,TRUE,TRUE,TRUE,FALSE,,,,,Pierce,,,
Great Spear,Spear of the Impaler,17500000.0,FALSE,TRUE,TRUE,TRUE,FALSE,,,,,Pierce,,,
Halberd,Halberd,18000000.0,TRUE,TRUE,FALSE,TRUE,FALSE,,,,,Pierce,,,
Halberd,Banished Knight's Halberd,18030000.0,TRUE,TRUE,FALSE,TRUE,FALSE,,,,,Pierce,,,
Halberd,Lucerne,18020000.0,TRUE,TRUE,FALSE,TRUE,FALSE,,,,,Pierce,,,
Halberd,Glaive,18090000.0,TRUE,TRUE,FALSE,TRUE,FALSE,,,,,Slash,,,
Halberd,Vulgar Militia Shotel,18130000.0,TRUE,TRUE,FALSE,TRUE,FALSE,,,,,Standard,,,
Halberd,Vulgar Militia Saw,18070000.0,TRUE,TRUE,FALSE,TRUE,FALSE,,,,,Standard,,,
Halberd,Guardian's Swordspear,18110000.0,TRUE,TRUE,FALSE,TRUE,FALSE,,,,,Standard,,,
Halberd,Gargoyle's Halberd,18150000.0,TRUE,TRUE,FALSE,TRUE,FALSE,,,,,Standard,,,
Halberd,Gargoyle's Black Halberd,18160000.0,FALSE,TRUE,TRUE,TRUE,FALSE,,,,,Standard,,,
Halberd,Nightrider Glaive,18050000.0,TRUE,TRUE,FALSE,TRUE,FALSE,,,,,Slash,,,
Halberd,Pest's Glaive,18010000.0,TRUE,TRUE,FALSE,TRUE,FALSE,,,,,Slash,,,
Halberd,Ripple Crescent Halberd,18060000.0,FALSE,TRUE,FALSE,TRUE,FALSE,,,,,Standard,,,
Halberd,Golden Halberd,18080000.0,FALSE,TRUE,TRUE,TRUE,FALSE,,,,,Standard,,,
Halberd,Dragon Halberd,18140000.0,FALSE,TRUE,TRUE,TRUE,FALSE,,,,,Pierce,,,
Halberd,Loretta's War Sickle,18100000.0,FALSE,TRUE,TRUE,TRUE,FALSE,,,,,Slash,,,
Halberd,Commander's Standard,18040000.0,FALSE,TRUE,TRUE,TRUE,FALSE,,,,,Pierce,,,
Halberd,Spirit Glaive,18500000.0,FALSE,TRUE,TRUE,TRUE,FALSE,,,,,Slash,,,
Halberd,Poleblade of the Bud,18510000.0,FALSE,TRUE,TRUE,TRUE,FALSE,,,,,Slash,,,
Reaper,Scythe,19000000.0,TRUE,TRUE,FALSE,TRUE,FALSE,,,,,Slash,,,
Reaper,Grave Scythe,19010000.0,TRUE,TRUE,FALSE,TRUE,FALSE,,,,,Slash,,,
Reaper,Halo Scythe,19020000.0,FALSE,TRUE,TRUE,TRUE,FALSE,,,,,Slash,,,
Reaper,Winged Scythe,19060000.0,FALSE,TRUE,TRUE,TRUE,FALSE,,,,,Slash,,,
Reaper,Obsidian Lamina,19500000.0,FALSE,TRUE,TRUE,TRUE,FALSE,,,,,Slash,,,
Whip,Whip,20000000.0,TRUE,TRUE,FALSE,TRUE,FALSE,,,,,Strike,,,
Whip,Thorned Whip,20020000.0,TRUE,TRUE,FALSE,TRUE,FALSE,,,,,Strike,,,
Whip,Urumi,20070000.0,TRUE,TRUE,FALSE,TRUE,FALSE,,,,,Slash,,,
Whip,Hoslow's Petal Whip,20050000.0,TRUE,TRUE,FALSE,TRUE,FALSE,,,,,Strike,,,
Whip,Tooth Whip,20500000.0,FALSE,TRUE,TRUE,TRUE,FALSE,,,,,Strike,,,
Whip,Magma Whip Candlestick,20030000.0,FALSE,TRUE,TRUE,TRUE,FALSE,,,,,Strike,,,
Whip,Giant's Red Braid,20060000.0,FALSE,TRUE,TRUE,TRUE,FALSE,,,,,Strike,,,
Fist,Unarmed,110000.0,FALSE,FALSE,FALSE,FALSE,FALSE,,,,,Strike,,,
Fist,Caestus,21000000.0,TRUE,TRUE,FALSE,FALSE,FALSE,,,,,Strike,,,
Fist,Spiked Caestus,21010000.0,TRUE,TRUE,FALSE,FALSE,FALSE,,,,,Strike,,,
Fist,Katar,21100000.0,TRUE,TRUE,FALSE,FALSE,FALSE,,,,,Standard,,,
Fist,Pata,21510000.0,TRUE,TRUE,FALSE,FALSE,FALSE,,,,,Standard,,,
Fist,Iron Ball,21070000.0,TRUE,TRUE,FALSE,FALSE,FALSE,,,,,Strike,,,
Fist,Star Fist,21080000.0,TRUE,TRUE,FALSE,FALSE,FALSE,,,,,Strike,,,
Fist,Clinging Bone,21110000.0,FALSE,TRUE,TRUE,FALSE,FALSE,,,,,Standard,,,
Fist,Veteran's Prosthesis,21120000.0,FALSE,TRUE,TRUE,FALSE,FALSE,,,,,Standard,,,
Fist,Cipher Pata,21130000.0,FALSE,TRUE,TRUE,FALSE,FALSE,,,,,Standard,,,
Fist,Poisoned Hand,21520000.0,FALSE,TRUE,TRUE,FALSE,FALSE,,,,,Strike,,,
Fist,Madding Hand,21530000.0,FALSE,TRUE,TRUE,FALSE,FALSE,,,,,Strike,,,
Fist,Thiollier's Hidden Needle,21500000.0,FALSE,TRUE,TRUE,FALSE,FALSE,,,,,Pierce,,,
Fist,Golem Fist,21540000.0,TRUE,TRUE,FALSE,FALSE,FALSE,,,,,Strike,,,
Fist,Grafted Dragon,21060000.0,FALSE,TRUE,TRUE,FALSE,FALSE,,,,,Strike,,,
Hand-to-Hand,Dryleaf Arts,60500000.0,TRUE,TRUE,FALSE,FALSE,FALSE,,,,,Strike,,,
Hand-to-Hand,Dane's Footwork,60510000.0,TRUE,TRUE,FALSE,FALSE,FALSE,,,,,Strike,,,
Claw,Hookclaws,22000000.0,TRUE,TRUE,FALSE,FALSE,FALSE,,,,,Slash,,,
Claw,Bloodhound Claws,22020000.0,TRUE,TRUE,FALSE,FALSE,FALSE,,,,,Slash,,,
Claw,Venomous Fang,22010000.0,TRUE,TRUE,FALSE,FALSE,FALSE,,,,,Slash,,,
Claw,Raptor Talons,22030000.0,TRUE,TRUE,FALSE,FALSE,FALSE,,,,,Slash,,,
Claw,Claws of Night,22500000.0,FALSE,TRUE,TRUE,FALSE,FALSE,,,,,Slash,,,
Beast Claw,Beast Claw,68500000.0,TRUE,TRUE,FALSE,FALSE,FALSE,,,,,Slash,,,
Beast Claw,Red Bear's Claw,68510000.0,FALSE,TRUE,TRUE,FALSE,FALSE,,,,,Slash,,,
Perfume Bottle,Firespark Perfume Bottle,61500000.0,FALSE,TRUE,FALSE,FALSE,FALSE,,,,,Standard,,,
Perfume Bottle,Lightning Perfume Bottle,61530000.0,FALSE,TRUE,FALSE,FALSE,FALSE,,,,,Standard,,,
Perfume Bottle,Chilling Perfume Bottle,61510000.0,FALSE,TRUE,FALSE,FALSE,FALSE,,,,,Standard,,,
Perfume Bottle,Frenzyflame Perfume Bottle,61520000.0,FALSE,TRUE,FALSE,FALSE,FALSE,,,,,Standard,,,
Perfume Bottle,Deadly Poison Perfume Bottle,61540000.0,FALSE,TRUE,TRUE,FALSE,FALSE,,,,,Standard,,,
Light Bow,Shortbow,40000000.0,FALSE,TRUE,FALSE,TRUE,FALSE,,,,,Pierce,,,
Light Bow,Composite Bow,40050000.0,FALSE,TRUE,FALSE,TRUE,FALSE,,,,,Pierce,,,
Light Bow,Red Branch Shortbow,40020000.0,FALSE,TRUE,FALSE,TRUE,FALSE,,,,,Pierce,,,
Light Bow,Misbegotten Shortbow,40010000.0,FALSE,TRUE,FALSE,TRUE,FALSE,,,,,Pierce,,,
Light Bow,Harp Bow,40030000.0,FALSE,TRUE,TRUE,TRUE,FALSE,,,,,Pierce,,,
Light Bow,Bone Bow,40500000.0,FALSE,TRUE,FALSE,TRUE,FALSE,,,,,Pierce,,,
Bow,Longbow,41000000.0,FALSE,TRUE,FALSE,TRUE,FALSE,,,,,Pierce,,,
Bow,Albinauric Bow,41010000.0,FALSE,TRUE,FALSE,TRUE,FALSE,,,,,Pierce,,,
Bow,Black Bow,41070000.0,FALSE,TRUE,TRUE,TRUE,FALSE,,,,,Pierce,,,
Bow,Ansbach's Longbow,41510000.0,FALSE,TRUE,TRUE,TRUE,FALSE,,,,,Pierce,,,
Bow,Pulley Bow,41060000.0,FALSE,TRUE,TRUE,TRUE,FALSE,,,,,Pierce,,,
Bow,Horn Bow,41020000.0,FALSE,TRUE,FALSE,TRUE,FALSE,,,,,Pierce,,,
Bow,Serpent Bow,41040000.0,FALSE,TRUE,TRUE,TRUE,FALSE,,1939.0,,,Pierce,,,
Bow,Erdtree Bow,41030000.0,FALSE,TRUE,TRUE,TRUE,FALSE,,,,,Pierce,,,
Greatbow,Greatbow,42040000.0,FALSE,TRUE,FALSE,TRUE,FALSE,,,,,Pierce,,,
Greatbow,Golem Greatbow,42010000.0,FALSE,TRUE,TRUE,TRUE,FALSE,,,,,Pierce,,,
Greatbow,Erdtree Greatbow,42030000.0,FALSE,TRUE,TRUE,TRUE,FALSE,,,,,Pierce,,,
Greatbow,Igon's Greatbow,42500000.0,FALSE,TRUE,FALSE,TRUE,FALSE,,,,,Pierce,,,
Greatbow,Lion Greatbow,42000000.0,FALSE,TRUE,TRUE,TRUE,FALSE,,,,,Pierce,,,
Crossbow,Soldier's Crossbow,43000000.0,FALSE,TRUE,FALSE,TRUE,FALSE,,,,,Pierce,,,
Crossbow,Light Crossbow,43020000.0,FALSE,TRUE,FALSE,TRUE,FALSE,,,,,Pierce,,,
Crossbow,Heavy Crossbow,43030000.0,FALSE,TRUE,FALSE,TRUE,FALSE,,,,,Pierce,,,
Crossbow,Arbalest,43080000.0,FALSE,TRUE,FALSE,TRUE,FALSE,,,,,Pierce,,,
Crossbow,Crepus's Black-Key Crossbow,43110000.0,FALSE,TRUE,TRUE,TRUE,FALSE,,,,,Pierce,,,
Crossbow,Pulley Crossbow,43050000.0,FALSE,TRUE,TRUE,TRUE,FALSE,,,,,Pierce,,,
Crossbow,Repeating Crossbow,43500000.0,FALSE,TRUE,TRUE,TRUE,FALSE,,,,,Pierce,,,
Crossbow,Spread Crossbow,43510000.0,FALSE,TRUE,FALSE,TRUE,FALSE,,,,,Pierce,,,
Crossbow,Full Moon Crossbow,43060000.0,FALSE,TRUE,TRUE,TRUE,FALSE,,,,,Pierce,,,
Ballista,Hand Ballista,44000000.0,FALSE,TRUE,FALSE,TRUE,FALSE,,,,,Pierce,,,
Ballista,Jar Cannon,44010000.0,FALSE,TRUE,TRUE,TRUE,FALSE,,,,,Pierce,,,
Ballista,Rabbath's Cannon,44500000.0,FALSE,TRUE,TRUE,TRUE,FALSE,,,,,Pierce,,,
Glintstone Staff,Astrologer's Staff,33130000.0,FALSE,TRUE,FALSE,TRUE,FALSE,,,,,Strike,,,
Glintstone Staff,Glintstone Staff,33000000.0,FALSE,TRUE,FALSE,TRUE,FALSE,,,,,Strike,,,
Glintstone Staff,Academy Glintstone Staff,33200000.0,FALSE,TRUE,FALSE,TRUE,FALSE,,,,,Strike,,,
Glintstone Staff,Digger's Staff,33120000.0,FALSE,TRUE,FALSE,TRUE,FALSE,,,Stonedigger,1.2,Strike,,,
Glintstone Staff,Demi-Human Queen's Staff,33060000.0,FALSE,TRUE,FALSE,TRUE,FALSE,,,,,Strike,,,
Glintstone Staff,Azur's Glintstone Staff,33230000.0,FALSE,TRUE,TRUE,TRUE,FALSE,,,Increased vdex by 40,1.2x FP cost,Strike,,,
Glintstone Staff,Lusat's Glintstone Staff,33240000.0,FALSE,TRUE,TRUE,TRUE,FALSE,,,All; factored into SB,1.5x FP cost,Strike,,,
Glintstone Staff,Carian Glintstone Staff,33210000.0,FALSE,TRUE,FALSE,TRUE,FALSE,,,Carian Sword,1.15,Strike,,,
Glintstone Staff,Carian Glintblade Staff,33170000.0,FALSE,TRUE,FALSE,TRUE,FALSE,,,Glintblade,1.15,Strike,,,
Glintstone Staff,Carian Regal Scepter,33090000.0,FALSE,TRUE,TRUE,TRUE,FALSE,,,Full Moon,1.1,Strike,,,
Glintstone Staff,Albinauric Staff,33190000.0,FALSE,TRUE,FALSE,TRUE,FALSE,,,,,Strike,,,
Glintstone Staff,Staff of Loss,33280000.0,FALSE,TRUE,FALSE,TRUE,FALSE,,,Night,1.3,Strike,,,
Glintstone Staff,Gelmir Glintstone Staff,33050000.0,FALSE,TRUE,FALSE,TRUE,FALSE,,,Lava,1.15,Strike,,,
Glintstone Staff,Crystal Staff,33040000.0,FALSE,TRUE,TRUE,TRUE,FALSE,,,Crystalian,1.1,Strike,,,
Glintstone Staff,Rotten Crystal Staff,33270000.0,FALSE,TRUE,TRUE,TRUE,FALSE,,,Crystalian,1.1,Strike,,,
Glintstone Staff,Meteorite Staff,33250000.0,FALSE,FALSE,FALSE,TRUE,FALSE,,,Gravity,1.3,Strike,,,
Glintstone Staff,Staff of the Guilty,33260000.0,FALSE,TRUE,FALSE,TRUE,FALSE,,,Thorn/Aberrant,1.2,Strike,,,
Glintstone Staff,Prince of Death's Staff,33180000.0,FALSE,TRUE,FALSE,TRUE,FALSE,,,Death,1.1,Strike,,,
Glintstone Staff,Maternal Staff,33520000.0,FALSE,TRUE,FALSE,TRUE,FALSE,,,Finger,1.15,Strike,,,
Glintstone Staff,Staff of the Great Beyond,33510000.0,FALSE,TRUE,TRUE,TRUE,FALSE,,,,,Strike,,,
Sacred Seal,Finger Seal,34000000.0,FALSE,TRUE,FALSE,TRUE,FALSE,,,,,Strike,,,
Sacred Seal,Erdtree Seal,34070000.0,FALSE,TRUE,TRUE,TRUE,FALSE,,,,,Strike,,,
Sacred Seal,Golden Order Seal,34060000.0,FALSE,TRUE,TRUE,TRUE,FALSE,,,Golden Order Fundamentalist,1.1,Strike,,,
Sacred Seal,Dryleaf Seal,34500000.0,FALSE,TRUE,FALSE,TRUE,FALSE,,,Ring of Light,1.15,Strike,,,
Sacred Seal,Fire Knight's Seal,34510000.0,FALSE,TRUE,FALSE,TRUE,FALSE,,,Messmer's Flame,1.15,Strike,,,
Sacred Seal,Spiraltree Seal,34520000.0,FALSE,TRUE,FALSE,TRUE,FALSE,,,Spiral,1.2,Strike,,,
Sacred Seal,Gravel Stone Seal,34030000.0,FALSE,TRUE,FALSE,TRUE,FALSE,,,Dragon Cult,1.15,Strike,,,
Sacred Seal,Giant's Seal,34020000.0,FALSE,TRUE,FALSE,TRUE,FALSE,,,Giants' Flame,1.2,Strike,,,
Sacred Seal,Godslayer's Seal,34010000.0,FALSE,TRUE,FALSE,TRUE,FALSE,,,Godslayer,1.1,Strike,,,
Sacred Seal,Clawmark Seal,34040000.0,FALSE,TRUE,FALSE,TRUE,FALSE,,,Bestial,1.1,Strike,,,
Sacred Seal,Frenzied Flame Seal,34090000.0,FALSE,TRUE,TRUE,TRUE,FALSE,,,Frenzied Flame,1.2,Strike,,,
Sacred Seal,Dragon Communion Seal,34080000.0,FALSE,TRUE,TRUE,TRUE,FALSE,,,Dragon Communion,1.15,Strike,,,
Torch,Torch,24000000.0,FALSE,TRUE,FALSE,TRUE,FALSE,,,,,Strike,,,
Torch,Beast-Repellent Torch,24060000.0,FALSE,TRUE,FALSE,TRUE,FALSE,,,,,Strike,,,
Torch,Steel-Wire Torch,24020000.0,FALSE,TRUE,FALSE,TRUE,FALSE,,,,,Strike,,,
Torch,Sentry's Torch,24070000.0,FALSE,TRUE,TRUE,TRUE,FALSE,,,,,Strike,,,
Torch,Ghostflame Torch,24050000.0,FALSE,TRUE,FALSE,TRUE,FALSE,,,,,Strike,,,
Torch,St. Trina's Torch,24040000.0,FALSE,TRUE,TRUE,TRUE,FALSE,,,,,Strike,,,
Torch,Nanaya's Torch,24500000.0,FALSE,TRUE,TRUE,TRUE,FALSE,,,,,Strike,,,
Torch,Lamenting Visage,24510000.0,FALSE,TRUE,TRUE,TRUE,FALSE,,,,,Strike,,,
Small Shield,Rickety Shield,30030000.0,TRUE,TRUE,FALSE,TRUE,FALSE,,,,,Strike,,,
Small Shield,Riveted Wooden Shield,30090000.0,TRUE,TRUE,FALSE,TRUE,FALSE,,,,,Strike,,,
Small Shield,Blue-White Wooden Shield,30100000.0,TRUE,TRUE,FALSE,TRUE,FALSE,,,,,Strike,,,
Small Shield,Scripture Wooden Shield,30080000.0,TRUE,TRUE,FALSE,TRUE,FALSE,,,,,Strike,,,
Small Shield,Red Thorn Roundshield,30070000.0,TRUE,TRUE,FALSE,TRUE,FALSE,,,,,Strike,,,
Small Shield,Pillory Shield,30040000.0,TRUE,TRUE,FALSE,TRUE,FALSE,,,,,Strike,,,
Small Shield,Buckler,30000000.0,TRUE,TRUE,FALSE,TRUE,FALSE,,,,,Strike,,,
Small Shield,Iron Roundshield,30120000.0,TRUE,TRUE,FALSE,TRUE,FALSE,,,,,Strike,,,
Small Shield,Gilded Iron Shield,30130000.0,TRUE,TRUE,FALSE,TRUE,FALSE,,,,,Strike,,,
Small Shield,Man-Serpent's Shield,30020000.0,TRUE,TRUE,FALSE,TRUE,FALSE,,,,,Strike,,,
Small Shield,Ice Crest Shield,30140000.0,TRUE,TRUE,FALSE,TRUE,FALSE,,,,,Strike,,,
Small Shield,Rift Shield,30110000.0,TRUE,TRUE,FALSE,TRUE,FALSE,,,,,Strike,,,
Small Shield,Perfumer's Shield,30010000.0,TRUE,TRUE,FALSE,TRUE,FALSE,,,,,Strike,,,
Small Shield,Shield of the Guilty,31170000.0,TRUE,TRUE,FALSE,TRUE,FALSE,,,,,Strike,,,
Small Shield,Spiralhorn Shield,30190000.0,TRUE,TRUE,FALSE,TRUE,FALSE,,,,,Strike,,,
Small Shield,Smoldering Shield,30150000.0,FALSE,TRUE,FALSE,TRUE,FALSE,,,,,Strike,,,
Small Shield,Coil Shield,30200000.0,FALSE,TRUE,TRUE,TRUE,FALSE,,,,,Strike,,,
Small Shield,Smithscript Shield,30510000.0,FALSE,TRUE,FALSE,TRUE,FALSE,,,,,Strike,,,
Small Shield,Shield of Night,21550000.0,FALSE,TRUE,TRUE,TRUE,FALSE,,,,,Strike,,,
Medium Shield,Hawk Crest Wooden Shield,31270000.0,TRUE,TRUE,FALSE,TRUE,FALSE,,,,,Strike,,,
Medium Shield,Horse Crest Wooden Shield,31240000.0,TRUE,TRUE,FALSE,TRUE,FALSE,,,,,Strike,,,
Medium Shield,Candletree Wooden Shield,31250000.0,TRUE,TRUE,FALSE,TRUE,FALSE,,,,,Strike,,,
Medium Shield,Flame Crest Wooden Shield,31260000.0,TRUE,TRUE,FALSE,TRUE,FALSE,,,,,Strike,,,
Medium Shield,Marred Wooden Shield,31020000.0,TRUE,TRUE,FALSE,TRUE,FALSE,,,,,Strike,,,
Medium Shield,Sun Realm Shield,31050000.0,TRUE,TRUE,FALSE,TRUE,FALSE,,,,,Strike,,,
Medium Shield,Round Shield,31070000.0,TRUE,TRUE,FALSE,TRUE,FALSE,,,,,Strike,,,
Medium Shield,Large Leather Shield,31230000.0,TRUE,TRUE,FALSE,TRUE,FALSE,,,,,Strike,,,
Medium Shield,Black Leather Shield,31340000.0,TRUE,TRUE,FALSE,TRUE,FALSE,,,,,Strike,,,
Medium Shield,Marred Leather Shield,31010000.0,TRUE,TRUE,FALSE,TRUE,FALSE,,,,,Strike,,,
Medium Shield,Heater Shield,31330000.0,TRUE,TRUE,FALSE,TRUE,FALSE,,,,,Strike,,,
Medium Shield,Blue Crest Heater Shield,31300000.0,TRUE,TRUE,FALSE,TRUE,FALSE,,,,,Strike,,,
Medium Shield,Red Crest Heater Shield,31290000.0,TRUE,TRUE,FALSE,TRUE,FALSE,,,,,Strike,,,
Medium Shield,Beast Crest Heater Shield,31280000.0,TRUE,TRUE,FALSE,TRUE,FALSE,,,,,Strike,,,
Medium Shield,Inverted Hawk Heater Shield,31320000.0,TRUE,TRUE,FALSE,TRUE,FALSE,,,,,Strike,,,
Medium Shield,Eclipse Crest Heater Shield,31310000.0,TRUE,TRUE,FALSE,TRUE,FALSE,,,,,Strike,,,
Medium Shield,Kite Shield,31000000.0,TRUE,TRUE,FALSE,TRUE,FALSE,,,,,Strike,,,
Medium Shield,Blue-Gold Kite Shield,31100000.0,TRUE,TRUE,FALSE,TRUE,FALSE,,,,,Strike,,,
Medium Shield,Scorpion Kite Shield,31080000.0,TRUE,TRUE,FALSE,TRUE,FALSE,,,,,Strike,,,
Medium Shield,Twinbird Kite Shield,31090000.0,TRUE,TRUE,FALSE,TRUE,FALSE,,,,,Strike,,,
Medium Shield,Brass Shield,31130000.0,TRUE,TRUE,FALSE,TRUE,FALSE,,,,,Strike,,,
Medium Shield,Messmer Soldier Shield,31500000.0,TRUE,TRUE,FALSE,TRUE,FALSE,,,,,Strike,,,
Medium Shield,Banished Knight's Shield,31030000.0,TRUE,TRUE,FALSE,TRUE,FALSE,,,,,Strike,,,
Medium Shield,Wolf Crest Shield,31510000.0,TRUE,TRUE,FALSE,TRUE,FALSE,,,,,Strike,,,
Medium Shield,Serpent Crest Shield,31520000.0,TRUE,TRUE,FALSE,TRUE,FALSE,,,,,Strike,,,
Medium Shield,Albinauric Shield,31040000.0,TRUE,TRUE,FALSE,TRUE,FALSE,,,,,Strike,,,
Medium Shield,Beastman's Jar-Shield,30060000.0,TRUE,TRUE,FALSE,TRUE,FALSE,,,,,Strike,,,
Medium Shield,Carian Knight's Shield,31190000.0,TRUE,TRUE,FALSE,TRUE,FALSE,,,,,Strike,,,
Medium Shield,Silver Mirrorshield,31060000.0,FALSE,TRUE,TRUE,TRUE,FALSE,,,,,Strike,,,
Medium Shield,Great Turtle Shell,31140000.0,TRUE,TRUE,FALSE,TRUE,FALSE,,,,,Strike,,,
Medium Shield,Golden Lion Shield,31530000.0,FALSE,TRUE,TRUE,TRUE,FALSE,,,,,Strike,,,
Greatshield,Wooden Greatshield,32290000.0,TRUE,TRUE,FALSE,TRUE,FALSE,,,,,Strike,,,
Greatshield,Lordsworn's Shield,32300000.0,TRUE,TRUE,FALSE,TRUE,FALSE,,,,,Strike,,,
Greatshield,Briar Greatshield,32050000.0,TRUE,TRUE,FALSE,TRUE,FALSE,,,,,Strike,,,
Greatshield,Spiked Palisade Shield,32170000.0,TRUE,TRUE,FALSE,TRUE,FALSE,,,,,Strike,,,
Greatshield,Icon Shield,32140000.0,FALSE,TRUE,TRUE,TRUE,FALSE,,,,,Strike,,,
Greatshield,Golden Beast Crest Shield,32090000.0,TRUE,TRUE,FALSE,TRUE,FALSE,,,,,Strike,,,
Greatshield,Manor Towershield,32190000.0,TRUE,TRUE,FALSE,TRUE,FALSE,,,,,Strike,,,
Greatshield,Crossed-Tree Towershield,32200000.0,TRUE,TRUE,FALSE,TRUE,FALSE,,,,,Strike,,,
Greatshield,Inverted Hawk Towershield,32210000.0,TRUE,TRUE,FALSE,TRUE,FALSE,,,,,Strike,,,
Greatshield,Dragon Towershield,32000000.0,TRUE,TRUE,FALSE,TRUE,FALSE,,,,,Strike,,,
Greatshield,Distinguished Greatshield,32020000.0,TRUE,TRUE,FALSE,TRUE,FALSE,,,,,Strike,,,
Greatshield,Gilded Greatshield,32270000.0,TRUE,TRUE,FALSE,TRUE,FALSE,,,,,Strike,,,
Greatshield,Cuckoo Greatshield,32250000.0,TRUE,TRUE,FALSE,TRUE,FALSE,,,,,Strike,,,
Greatshield,Redmane Greatshield,32230000.0,TRUE,TRUE,FALSE,TRUE,FALSE,,,,,Strike,,,
Greatshield,Golden Greatshield,32260000.0,TRUE,TRUE,FALSE,TRUE,FALSE,,,,,Strike,,,
Greatshield,Haligtree Crest Greatshield,32280000.0,TRUE,TRUE,FALSE,TRUE,FALSE,,,,,Strike,,,
Greatshield,Black Steel Greatshield,32500000.0,TRUE,TRUE,FALSE,TRUE,FALSE,,,,,Strike,,,
Greatshield,Crucible Hornshield,32030000.0,FALSE,TRUE,TRUE,TRUE,FALSE,,,,,Strike,,,
Greatshield,Dragonclaw Shield,32040000.0,FALSE,TRUE,TRUE,TRUE,FALSE,,,,,Strike,,,
Greatshield,Fingerprint Stone Shield,32130000.0,TRUE,TRUE,FALSE,TRUE,FALSE,,,,,Strike,,,
Greatshield,Eclipse Crest Greatshield,32240000.0,TRUE,TRUE,FALSE,TRUE,FALSE,,,,,Strike,,,
Greatshield,Ant's Skull Plate,32220000.0,FALSE,TRUE,TRUE,TRUE,FALSE,,,,,Strike,,,
Greatshield,Erdtree Greatshield,32080000.0,FALSE,TRUE,TRUE,TRUE,FALSE,,,,,Strike,,,
Greatshield,Jellyfish Shield,32120000.0,FALSE,TRUE,TRUE,TRUE,FALSE,,,,,Strike,,,
Greatshield,Visage Shield,32160000.0,FALSE,TRUE,TRUE,TRUE,FALSE,,,,,Strike,,,
Greatshield,One-Eyed Shield,32150000.0,FALSE,TRUE,TRUE,TRUE,FALSE,,,,,Strike,,,
Greatshield,Verdigris Greatshield,32520000.0,FALSE,TRUE,TRUE,TRUE,FALSE,,,,,Strike,,,
Thrusting Shield,Dueling Shield,62500000.0,TRUE,TRUE,FALSE,TRUE,FALSE,,,,,Pierce,,,
Thrusting Shield,Carian Thrusting Shield,62510000.0,TRUE,TRUE,FALSE,TRUE,FALSE,,,,,Pierce,,,
Consumable,Fire Pot,830000.0,FALSE,FALSE,FALSE,FALSE,TRUE,,,,,Standard,,,
Consumable,Redmane Fire Pot,830100.0,FALSE,FALSE,FALSE,FALSE,TRUE,,,,,Standard,,,
Consumable,Giantsflame Fire Pot,830200.0,FALSE,FALSE,FALSE,FALSE,TRUE,,,,,Standard,,,
Consumable,Hefty Fire Pot,930000.0,FALSE,FALSE,FALSE,FALSE,TRUE,,,,,Standard,,,
Consumable,Hefty Furnace Pot,968000.0,FALSE,FALSE,FALSE,FALSE,TRUE,,,,,Standard,,,
Consumable,Oil Pot,,FALSE,FALSE,FALSE,FALSE,TRUE,,,,,Standard,,,
Consumable,Hefty Oil Pot,,FALSE,FALSE,FALSE,FALSE,TRUE,,,,,Standard,,,
Consumable,Magic Pot,866000.0,FALSE,FALSE,FALSE,FALSE,TRUE,,,,,Standard,,,
Consumable,Academy Magic Pot,866100.0,FALSE,FALSE,FALSE,FALSE,TRUE,,,,,Standard,,,
Consumable,Hefty Magic Pot,966000.0,FALSE,FALSE,FALSE,FALSE,TRUE,,500370.0,,,Standard,,,
Consumable,Lightning Pot,832000.0,FALSE,FALSE,FALSE,FALSE,TRUE,,3120.0,,,Standard,,,
Consumable,Ancient Dragonbolt Pot,832100.0,FALSE,FALSE,FALSE,FALSE,TRUE,,500670.0,,,Standard,,,
Consumable,Hefty Lightning Pot,932000.0,FALSE,FALSE,FALSE,FALSE,TRUE,,3126.0,,,Standard,,,
Consumable,Red Lightning Pot,970000.0,FALSE,FALSE,FALSE,FALSE,TRUE,,500360.0,,,Standard,,,
Consumable,Hefty Red Lightning Pot,969000.0,FALSE,FALSE,FALSE,FALSE,TRUE,,500640.0,,,Standard,,,
Consumable,Holy Water Pot,835000.0,FALSE,FALSE,FALSE,FALSE,TRUE,,,,,Standard,,,
Consumable,Sacred Order Pot,835100.0,FALSE,FALSE,FALSE,FALSE,TRUE,,,,,Standard,,,
Consumable,Poison Pot,837000.0,FALSE,FALSE,FALSE,FALSE,TRUE,,,,,Standard,,,
Consumable,Hefty Poison Pot,937000.0,FALSE,FALSE,FALSE,FALSE,TRUE,,,,,Standard,,,
Consumable,Fetid Pot,833000.0,FALSE,FALSE,FALSE,FALSE,TRUE,,,,,Standard,,,
Consumable,Hefty Fetid Pot,933000.0,FALSE,FALSE,FALSE,FALSE,TRUE,,,,,Standard,,,
Consumable,Rot Pot,,FALSE,FALSE,FALSE,FALSE,TRUE,,500440.0,,,Standard,,,
Consumable,Hefty Rot Pot,,FALSE,FALSE,FALSE,FALSE,TRUE,,500430.0,,,Standard,,,
Consumable,Swarm Pot,834000.0,FALSE,FALSE,FALSE,FALSE,TRUE,,500470.0,,,Standard,,,
Consumable,Hefty Fly Pot,934000.0,FALSE,FALSE,FALSE,FALSE,TRUE,,,,,Standard,,,
Consumable,Freezing Pot,,FALSE,FALSE,FALSE,FALSE,TRUE,,,,,Standard,,,
Consumable,Hefty Freezing Pot,,FALSE,FALSE,FALSE,FALSE,TRUE,,503580.0,,,Standard,,,
Consumable,Sleep Pot,864000.0,FALSE,FALSE,FALSE,FALSE,TRUE,,,,,Standard,,,
Consumable,Eternal Sleep Pot,864000.0,FALSE,FALSE,FALSE,FALSE,TRUE,,501720.0,,,Standard,,,
Consumable,Frenzied Flame Pot,971000.0,FALSE,FALSE,FALSE,FALSE,TRUE,,,,,Standard,,,
Consumable,Hefty Frenzied Flame Pot,962000.0,FALSE,FALSE,FALSE,FALSE,TRUE,,,,,Standard,,,
Consumable,Hefty Rock Pot,931000.0,FALSE,FALSE,FALSE,FALSE,TRUE,,3115.0,,,Strike,,,
Consumable,Volcano Pot,860000.0,FALSE,FALSE,FALSE,FALSE,TRUE,,,,,Standard,,,
Consumable,Hefty Volcano Pot,960000.0,FALSE,FALSE,FALSE,FALSE,TRUE,,,,,Standard,,,
Consumable,Rancor Pot,865000.0,FALSE,FALSE,FALSE,FALSE,TRUE,,501840.0,,,Standard,,,
Consumable,Hefty Rancor Pot,965000.0,FALSE,FALSE,FALSE,FALSE,TRUE,,501841.0,,,Standard,,,
Consumable,Cursed-Blood Pot,,FALSE,FALSE,FALSE,FALSE,TRUE,,,,,Standard,,,
Consumable,Alluring Pot,,FALSE,FALSE,FALSE,FALSE,TRUE,,,,,Standard,,,
Consumable,Beastlure Pot,,FALSE,FALSE,FALSE,FALSE,TRUE,,,,,Standard,,,
Consumable,Albinauric Pot,,FALSE,FALSE,FALSE,FALSE,TRUE,,,,,Standard,,,
Consumable,Roped Fire Pot,840000.0,FALSE,FALSE,FALSE,FALSE,TRUE,,,,,Standard,,,
Consumable,Roped Oil Pot,,FALSE,FALSE,FALSE,FALSE,TRUE,,,,,Standard,,,
Consumable,Roped Magic Pot,846000.0,FALSE,FALSE,FALSE,FALSE,TRUE,,,,,Standard,,,
Consumable,Roped Lightning Pot,842000.0,FALSE,FALSE,FALSE,FALSE,TRUE,,,,,Standard,,,
Consumable,Roped Holy Water Pot,851000.0,FALSE,FALSE,FALSE,FALSE,TRUE,,,,,Standard,,,
Consumable,Roped Poison Pot,844000.0,FALSE,FALSE,FALSE,FALSE,TRUE,,,,,Standard,,,
Consumable,Roped Fetid Pot,843000.0,FALSE,FALSE,FALSE,FALSE,TRUE,,,,,Standard,,,
Consumable,Roped Fly Pot,847000.0,FALSE,FALSE,FALSE,FALSE,TRUE,,,,,Standard,,,
Consumable,Roped Frenzied Flame Pot,976000.0,FALSE,FALSE,FALSE,FALSE,TRUE,,,,,Standard,,,
Consumable,Roped Volcano Pot,849000.0,FALSE,FALSE,FALSE,FALSE,TRUE,,,,,Standard,,,
Consumable,Spark Aromatic,351000.0,FALSE,FALSE,FALSE,FALSE,TRUE,,,,,Standard,,,
Consumable,Uplifting Aromatic,,FALSE,FALSE,FALSE,FALSE,TRUE,,,,,Standard,,,
Consumable,Poison Spraymist,358000.0,FALSE,FALSE,FALSE,FALSE,TRUE,,,,,Standard,,,
Consumable,Acid Spraymist,,FALSE,FALSE,FALSE,FALSE,TRUE,,,,,Standard,,,
Consumable,Bloodboil Aromatic,,FALSE,FALSE,FALSE,FALSE,TRUE,,,,,Standard,,,
Consumable,Ironjar Aromatic,,FALSE,FALSE,FALSE,FALSE,TRUE,,,,,Standard,,,
Consumable,Bone Dart,171000.0,FALSE,FALSE,FALSE,FALSE,TRUE,,,,,Pierce,,,
Consumable,Poisonbone Dart,172000.0,FALSE,FALSE,FALSE,FALSE,TRUE,,,,,Pierce,,,
Consumable,Crystal Dart,174000.0,FALSE,FALSE,FALSE,FALSE,TRUE,,,,,Pierce,,,
Consumable,Throwing Dagger,170000.0,FALSE,FALSE,FALSE,FALSE,TRUE,,,,,Pierce,,,
Consumable,Kukri,173000.0,FALSE,FALSE,FALSE,FALSE,TRUE,,,,,Pierce,,,
Consumable,Fan Daggers,175000.0,FALSE,FALSE,FALSE,FALSE,TRUE,,,,,Pierce,,,
Consumable,Dragon Communion Harpoon,471000.0,FALSE,FALSE,FALSE,FALSE,TRUE,,,,,Pierce,,,
Consumable,Ruin Fragment,176000.0,FALSE,FALSE,FALSE,FALSE,TRUE,,,,,Strike,,,
Consumable,Roundrock,472000.0,FALSE,FALSE,FALSE,FALSE,TRUE,,,,,Strike,,,
Consumable,Poisoned Stone,184000.0,FALSE,FALSE,FALSE,FALSE,TRUE,,,,,Strike,,,
Consumable,Poisoned Stone Clump,184100.0,FALSE,FALSE,FALSE,FALSE,TRUE,,,,,Strike,,,
Consumable,Explosive Stone,183000.0,FALSE,FALSE,FALSE,FALSE,TRUE,,,,,Strike,,,
Consumable,Explosive Stone Clump,183100.0,FALSE,FALSE,FALSE,FALSE,TRUE,,,,,Strike,,,
Consumable,Glintstone Scrap,305000.0,FALSE,FALSE,FALSE,FALSE,TRUE,,,,,Standard,,,
Consumable,Large Glintstone Scrap,305100.0,FALSE,FALSE,FALSE,FALSE,TRUE,,,,,Standard,,,
Consumable,Cuckoo Glintstone,303000.0,FALSE,FALSE,FALSE,FALSE,TRUE,,,,,Standard,,,
Consumable,Glinting Nail,620000.0,FALSE,FALSE,FALSE,FALSE,TRUE,,,,,Standard,,,
Consumable,Gravity Stone Fan,306000.0,FALSE,FALSE,FALSE,FALSE,TRUE,,,,,Strike,,,
Consumable,Gravity Stone Chunk,307000.0,FALSE,FALSE,FALSE,FALSE,TRUE,,,,,Strike,,,
Consumable,Fire Spritestone,619000.0,FALSE,FALSE,FALSE,FALSE,TRUE,,,,,Standard,,,
Consumable,Spritestone,600000.0,FALSE,FALSE,FALSE,FALSE,TRUE,,,,,Standard,,,
Consumable,Fire Coil,618000.0,FALSE,FALSE,FALSE,FALSE,TRUE,,,,,Standard,,,
Consumable,Surging Frenzied Flame,616000.0,FALSE,FALSE,FALSE,FALSE,TRUE,,,,,Standard,,,
Consumable,Innard Meat,470000.0,FALSE,FALSE,FALSE,FALSE,TRUE,,,,,Standard,,,
Consumable,Call of Tibia,615000.0,FALSE,FALSE,FALSE,FALSE,TRUE,,,,,Standard,,,
Reusable,Wraith Calling Bell,308000.0,FALSE,FALSE,FALSE,FALSE,TRUE,,,,,Standard,,,
Reusable,Ancestral Infant's Head,300000.0,FALSE,FALSE,FALSE,FALSE,TRUE,,,,,Standard,,,
Reusable,Omen Bairn 1,301000.0,FALSE,FALSE,FALSE,FALSE,TRUE,,,,,Standard,,,
Reusable,Omen Bairn 2,301000.0,FALSE,FALSE,FALSE,FALSE,TRUE,,,,,Standard,,,
Reusable,Regal Omen Bairn 1,301100.0,FALSE,FALSE,FALSE,FALSE,TRUE,,,,,Standard,,,
Reusable,Regal Omen Bairn 2,301100.0,FALSE,FALSE,FALSE,FALSE,TRUE,,,,,Standard,,,
Reusable,Horned Bairn,613000.0,FALSE,FALSE,FALSE,FALSE,TRUE,,,,,Standard,,,
Reusable,Perfumed Oil of Ranah,614000.0,FALSE,FALSE,FALSE,FALSE,TRUE,,,,,Standard,,,
Reusable,Lamenter's Mask - Attack,502000.0,FALSE,FALSE,FALSE,FALSE,TRUE,,,,,Strike,,,
