Skill,WeaponClass
Dryleaf Whirlwind,Hand-to-Hand
Aspects of the Crucible: Wings,Sword
Aspects of the Crucible: Wings,Polearm
Aspects of the Crucible: Wings,Dagger
Aspects of the Crucible: Wings,Throwing Blade
Aspects of the Crucible: Wings,Straight Sword
Aspects of the Crucible: Wings,Greatsword
Aspects of the Crucible: Wings,Light Greatsword
Aspects of the Crucible: Wings,Colossal Sword
Aspects of the Crucible: Wings,Curved Sword
Aspects of the Crucible: Wings,Curved Greatsword
Aspects of the Crucible: Wings,Katana
Aspects of the Crucible: Wings,Great Katana
Aspects of the Crucible: Wings,Twinblade
Aspects of the Crucible: Wings,Thrusting Sword
Aspects of the Crucible: Wings,Heavy Thrusting Sword
Aspects of the Crucible: Wings,Spear
Aspects of the Crucible: Wings,Great Spear
Spinning Gravity Thrust,Colossal Sword
Spinning Gravity Thrust,Greatsword
Spinning Gravity Thrust,Curved Greatsword
Spinning Gravity Thrust,Great Katana
Spinning Gravity Thrust,Thrusting Sword
Spinning Gravity Thrust,Heavy Thrusting Sword
Spinning Gravity Thrust,Claw
Palm Blast,Hand-to-Hand
Piercing Throw,Throwing Blade
Scattershot Throw,Throwing Blade
Wall of Sparks,Perfume Bottle
Rolling Sparks,Perfume Bottle
Raging Beast,Beast Claw
Savage Claws,Beast Claw
Blind Spot,Backhand Blade
Swift Slash,Backhand Blade
Overhead Stance,Great Katana
Wing Stance,Light Greatsword
Blinkbolt,AllMelee
Flame Skewer,Straight Sword
Flame Skewer,Greatsword
Flame Skewer,Light Greatsword
Flame Skewer,Colossal Sword
Flame Skewer,Katana
Flame Skewer,Great Katana
Flame Skewer,Twinblade
Flame Skewer,Thrusting Sword
Flame Skewer,Heavy Thrusting Sword
Flame Skewer,Spear
Flame Skewer,Great Spear
Flame Skewer,Halberd
Flame Skewer,Thrusting Shield
Savage Lion's Claw,Axe
Savage Lion's Claw,Hammer
Savage Lion's Claw,Thrusting Sword
Savage Lion's Claw,Straight Sword
Savage Lion's Claw,Greatsword
Savage Lion's Claw,Light Greatsword
Savage Lion's Claw,Colossal Sword
Savage Lion's Claw,Curved Sword
Savage Lion's Claw,Curved Greatsword
Savage Lion's Claw,Katana
Savage Lion's Claw,Great Katana
Savage Lion's Claw,Twinblade
Savage Lion's Claw,Great Hammer
Savage Lion's Claw,Greataxe
Savage Lion's Claw,Flail
Savage Lion's Claw,Colossal Weapon
Divine Beast Frost Stomp,AllMelee
Flame Spear,Claw
Flame Spear,Backhand Blade
Flame Spear,Dagger
Flame Spear,Straight Sword
Flame Spear,Greatsword
Flame Spear,Light Greatsword
Flame Spear,Colossal Sword
Flame Spear,Katana
Flame Spear,Great Katana
Flame Spear,Twinblade
Flame Spear,Thrusting Sword
Flame Spear,Heavy Thrusting Sword
Flame Spear,Spear
Flame Spear,Great Spear
Flame Spear,Halberd
Flame Spear,Thrusting Shield
Carian Sovereignty,Dagger
Carian Sovereignty,Throwing Blade
Carian Sovereignty,Straight Sword
Carian Sovereignty,Greatsword
Carian Sovereignty,Light Greatsword
Carian Sovereignty,Curved Sword
Carian Sovereignty,Curved Greatsword
Carian Sovereignty,Katana
Carian Sovereignty,Great Katana
Carian Sovereignty,Twinblade
Carian Sovereignty,Thrusting Sword
Carian Sovereignty,Heavy Thrusting Sword
Shriek of Sorrow,AllMelee
Shriek of Sorrow,Dagger
Shriek of Sorrow,Throwing Blade
Shriek of Sorrow,Straight Sword
Shriek of Sorrow,Greatsword
Shriek of Sorrow,Light Greatsword
Shriek of Sorrow,Colossal Sword
Shriek of Sorrow,Curved Sword
Shriek of Sorrow,Curved Greatsword
Shriek of Sorrow,Katana
Shriek of Sorrow,Great Katana
Shriek of Sorrow,Twinblade
Shriek of Sorrow,Backhand Blade
Shriek of Sorrow,Thrusting Sword
Shriek of Sorrow,Heavy Thrusting Sword
Shriek of Sorrow,Hammer
Shriek of Sorrow,Great Hammer
Shriek of Sorrow,Axe
Shriek of Sorrow,Greataxe
Shriek of Sorrow,Flail
Shriek of Sorrow,Spear
Shriek of Sorrow,Great Spear
Shriek of Sorrow,Halberd
Shriek of Sorrow,Reaper
Shriek of Sorrow,Fist
Shriek of Sorrow,Hand-to-Hand
Shriek of Sorrow,Claw
Shriek of Sorrow,Beast Claw
Shriek of Sorrow,Whip
Shriek of Sorrow,Colossal Weapon
Shriek of Sorrow,Thrusting Shield
Ghostflame Call,Spear
Ghostflame Call,Twinblade
Ghostflame Call,Backhand Blade
Ghostflame Call,Straight Sword
Ghostflame Call,Greatsword
Ghostflame Call,Light Greatsword
Ghostflame Call,Colossal Sword
Ghostflame Call,Curved Sword
Ghostflame Call,Curved Greatsword
Ghostflame Call,Katana
Ghostflame Call,Great Katana
Ghostflame Call,Thrusting Sword
Ghostflame Call,Heavy Thrusting Sword
Ghostflame Call,Great Spear
Ghostflame Call,Halberd
The Poison Flower Blooms Twice,AllMelee
The Poison Flower Blooms Twice,Dagger
The Poison Flower Blooms Twice,Throwing Blade
The Poison Flower Blooms Twice,Straight Sword
The Poison Flower Blooms Twice,Greatsword
The Poison Flower Blooms Twice,Light Greatsword
The Poison Flower Blooms Twice,Colossal Sword
The Poison Flower Blooms Twice,Curved Sword
The Poison Flower Blooms Twice,Curved Greatsword
The Poison Flower Blooms Twice,Katana
The Poison Flower Blooms Twice,Great Katana
The Poison Flower Blooms Twice,Twinblade
The Poison Flower Blooms Twice,Backhand Blade
The Poison Flower Blooms Twice,Thrusting Sword
The Poison Flower Blooms Twice,Heavy Thrusting Sword
The Poison Flower Blooms Twice,Hammer
The Poison Flower Blooms Twice,Great Hammer
The Poison Flower Blooms Twice,Axe
The Poison Flower Blooms Twice,Greataxe
The Poison Flower Blooms Twice,Flail
The Poison Flower Blooms Twice,Spear
The Poison Flower Blooms Twice,Great Spear
The Poison Flower Blooms Twice,Halberd
The Poison Flower Blooms Twice,Reaper
The Poison Flower Blooms Twice,Fist
The Poison Flower Blooms Twice,Hand-to-Hand
The Poison Flower Blooms Twice,Claw
The Poison Flower Blooms Twice,Beast Claw
The Poison Flower Blooms Twice,Whip
The Poison Flower Blooms Twice,Colossal Weapon
The Poison Flower Blooms Twice,Thrusting Shield
Igon's Drake Hunt,Greatbow
Shield Strike,Shield
Stamp (Upward Cut),Axe
Stamp (Upward Cut),Hammer
Stamp (Upward Cut),Greatsword
Stamp (Upward Cut),Colossal Sword
Stamp (Upward Cut),Curved Greatsword
Stamp (Upward Cut),Great Katana
Stamp (Upward Cut),Heavy Thrusting Sword
Stamp (Upward Cut),Great Hammer
Stamp (Upward Cut),Greataxe
Stamp (Upward Cut),Flail
Stamp (Upward Cut),Colossal Weapon
Stamp (Sweep),Axe
Stamp (Sweep),Hammer
Stamp (Sweep),Greatsword
Stamp (Sweep),Colossal Sword
Stamp (Sweep),Curved Greatsword
Stamp (Sweep),Great Katana
Stamp (Sweep),Heavy Thrusting Sword
Stamp (Sweep),Great Hammer
Stamp (Sweep),Greataxe
Stamp (Sweep),Flail
Stamp (Sweep),Colossal Weapon
Wild Strikes,Axe
Wild Strikes,Hammer
Wild Strikes,Greatsword
Wild Strikes,Curved Sword
Wild Strikes,Curved Greatsword
Wild Strikes,Great Katana
Wild Strikes,Great Hammer
Wild Strikes,Greataxe
Wild Strikes,Flail
Lion's Claw,Axe
Lion's Claw,Hammer
Lion's Claw,Thrusting Sword
Lion's Claw,Straight Sword
Lion's Claw,Greatsword
Lion's Claw,Light Greatsword
Lion's Claw,Colossal Sword
Lion's Claw,Curved Sword
Lion's Claw,Curved Greatsword
Lion's Claw,Katana
Lion's Claw,Great Katana
Lion's Claw,Twinblade
Lion's Claw,Great Hammer
Lion's Claw,Greataxe
Lion's Claw,Flail
Lion's Claw,Colossal Weapon
Cragblade,AllMelee
Cragblade,Dagger
Cragblade,Straight Sword
Cragblade,Greatsword
Cragblade,Light Greatsword
Cragblade,Colossal Sword
Cragblade,Curved Sword
Cragblade,Curved Greatsword
Cragblade,Katana
Cragblade,Great Katana
Cragblade,Twinblade
Cragblade,Backhand Blade
Cragblade,Thrusting Sword
Cragblade,Heavy Thrusting Sword
Cragblade,Hammer
Cragblade,Great Hammer
Cragblade,Axe
Cragblade,Greataxe
Cragblade,Flail
Cragblade,Spear
Cragblade,Great Spear
Cragblade,Halberd
Cragblade,Reaper
Cragblade,Fist
Cragblade,Claw
Cragblade,Beast Claw
Cragblade,Colossal Weapon
Cragblade,Thrusting Shield
Kick,AllMelee
Kick,Dagger
Kick,Throwing Blade
Kick,Straight Sword
Kick,Greatsword
Kick,Light Greatsword
Kick,Colossal Sword
Kick,Curved Sword
Kick,Curved Greatsword
Kick,Katana
Kick,Great Katana
Kick,Twinblade
Kick,Backhand Blade
Kick,Thrusting Sword
Kick,Heavy Thrusting Sword
Kick,Hammer
Kick,Great Hammer
Kick,Axe
Kick,Greataxe
Kick,Flail
Kick,Spear
Kick,Great Spear
Kick,Halberd
Kick,Reaper
Kick,Fist
Kick,Hand-to-Hand
Kick,Claw
Kick,Beast Claw
Kick,Whip
Kick,Perfume Bottle
Kick,Colossal Weapon
Kick,Crossbow
Endure,AllMelee
Endure,Dagger
Endure,Throwing Blade
Endure,Straight Sword
Endure,Greatsword
Endure,Light Greatsword
Endure,Colossal Sword
Endure,Curved Sword
Endure,Curved Greatsword
Endure,Katana
Endure,Great Katana
Endure,Twinblade
Endure,Backhand Blade
Endure,Thrusting Sword
Endure,Heavy Thrusting Sword
Endure,Hammer
Endure,Great Hammer
Endure,Axe
Endure,Greataxe
Endure,Flail
Endure,Spear
Endure,Great Spear
Endure,Halberd
Endure,Reaper
Endure,Fist
Endure,Hand-to-Hand
Endure,Claw
Endure,Beast Claw
Endure,Whip
Endure,Perfume Bottle
Endure,Colossal Weapon
Endure,Thrusting Shield
Ground Slam,AllMelee
Ground Slam,Dagger
Ground Slam,Throwing Blade
Ground Slam,Straight Sword
Ground Slam,Greatsword
Ground Slam,Light Greatsword
Ground Slam,Colossal Sword
Ground Slam,Curved Sword
Ground Slam,Curved Greatsword
Ground Slam,Katana
Ground Slam,Great Katana
Ground Slam,Twinblade
Ground Slam,Backhand Blade
Ground Slam,Thrusting Sword
Ground Slam,Heavy Thrusting Sword
Ground Slam,Hammer
Ground Slam,Great Hammer
Ground Slam,Axe
Ground Slam,Greataxe
Ground Slam,Flail
Ground Slam,Spear
Ground Slam,Great Spear
Ground Slam,Halberd
Ground Slam,Reaper
Ground Slam,Fist
Ground Slam,Hand-to-Hand
Ground Slam,Claw
Ground Slam,Beast Claw
Ground Slam,Whip
Ground Slam,Perfume Bottle
Ground Slam,Colossal Weapon
Ground Slam,Thrusting Shield
Earthshaker,Greataxe
Earthshaker,Hammer
Earthshaker,Colossal Weapon
Earthshaker,Colossal Sword
Earthshaker,Great Hammer
Earthshaker,Great Spear
Hoarah Loux's Earthshaker,AllMelee
Hoarah Loux's Earthshaker,Dagger
Hoarah Loux's Earthshaker,Throwing Blade
Hoarah Loux's Earthshaker,Straight Sword
Hoarah Loux's Earthshaker,Greatsword
Hoarah Loux's Earthshaker,Light Greatsword
Hoarah Loux's Earthshaker,Colossal Sword
Hoarah Loux's Earthshaker,Curved Sword
Hoarah Loux's Earthshaker,Curved Greatsword
Hoarah Loux's Earthshaker,Katana
Hoarah Loux's Earthshaker,Great Katana
Hoarah Loux's Earthshaker,Twinblade
Hoarah Loux's Earthshaker,Backhand Blade
Hoarah Loux's Earthshaker,Thrusting Sword
Hoarah Loux's Earthshaker,Heavy Thrusting Sword
Hoarah Loux's Earthshaker,Hammer
Hoarah Loux's Earthshaker,Great Hammer
Hoarah Loux's Earthshaker,Axe
Hoarah Loux's Earthshaker,Greataxe
Hoarah Loux's Earthshaker,Flail
Hoarah Loux's Earthshaker,Spear
Hoarah Loux's Earthshaker,Great Spear
Hoarah Loux's Earthshaker,Halberd
Hoarah Loux's Earthshaker,Reaper
Hoarah Loux's Earthshaker,Fist
Hoarah Loux's Earthshaker,Hand-to-Hand
Hoarah Loux's Earthshaker,Claw
Hoarah Loux's Earthshaker,Beast Claw
Hoarah Loux's Earthshaker,Whip
Hoarah Loux's Earthshaker,Perfume Bottle
Hoarah Loux's Earthshaker,Colossal Weapon
Hoarah Loux's Earthshaker,Thrusting Shield
War Cry,Dagger
War Cry,Thrusting Sword
War Cry,Whip
War Cry,Straight Sword
War Cry,Greatsword
War Cry,Light Greatsword
War Cry,Colossal Sword
War Cry,Curved Sword
War Cry,Curved Greatsword
War Cry,Katana
War Cry,Great Katana
War Cry,Twinblade
War Cry,Hammer
War Cry,Great Hammer
War Cry,Axe
War Cry,Greataxe
War Cry,Flail
War Cry,Spear
War Cry,Great Spear
War Cry,Halberd
War Cry,Reaper
War Cry,Fist
War Cry,Hand-to-Hand
War Cry,Claw
War Cry,Beast Claw
War Cry,Colossal Weapon
Barbaric Roar,Dagger
Barbaric Roar,Thrusting Sword
Barbaric Roar,Whip
Barbaric Roar,Straight Sword
Barbaric Roar,Greatsword
Barbaric Roar,Light Greatsword
Barbaric Roar,Colossal Sword
Barbaric Roar,Curved Sword
Barbaric Roar,Curved Greatsword
Barbaric Roar,Katana
Barbaric Roar,Great Katana
Barbaric Roar,Twinblade
Barbaric Roar,Hammer
Barbaric Roar,Great Hammer
Barbaric Roar,Axe
Barbaric Roar,Greataxe
Barbaric Roar,Flail
Barbaric Roar,Spear
Barbaric Roar,Great Spear
Barbaric Roar,Halberd
Barbaric Roar,Reaper
Barbaric Roar,Fist
Barbaric Roar,Hand-to-Hand
Barbaric Roar,Claw
Barbaric Roar,Beast Claw
Barbaric Roar,Colossal Weapon
Braggart's Roar,Dagger
Braggart's Roar,Thrusting Sword
Braggart's Roar,Whip
Braggart's Roar,Straight Sword
Braggart's Roar,Greatsword
Braggart's Roar,Light Greatsword
Braggart's Roar,Colossal Sword
Braggart's Roar,Curved Sword
Braggart's Roar,Curved Greatsword
Braggart's Roar,Katana
Braggart's Roar,Great Katana
Braggart's Roar,Twinblade
Braggart's Roar,Hammer
Braggart's Roar,Great Hammer
Braggart's Roar,Axe
Braggart's Roar,Greataxe
Braggart's Roar,Flail
Braggart's Roar,Spear
Braggart's Roar,Great Spear
Braggart's Roar,Halberd
Braggart's Roar,Reaper
Braggart's Roar,Fist
Braggart's Roar,Hand-to-Hand
Braggart's Roar,Claw
Braggart's Roar,Beast Claw
Braggart's Roar,Colossal Weapon
Troll's Roar,Colossal Sword
Troll's Roar,Axe
Troll's Roar,Hammer
Troll's Roar,Greatsword
Troll's Roar,Curved Greatsword
Troll's Roar,Great Katana
Troll's Roar,Heavy Thrusting Sword
Troll's Roar,Great Hammer
Troll's Roar,Greataxe
Troll's Roar,Colossal Weapon
Spinning Slash,Axe
Spinning Slash,Polearm
Spinning Slash,Dagger
Spinning Slash,Throwing Blade
Spinning Slash,Straight Sword
Spinning Slash,Greatsword
Spinning Slash,Light Greatsword
Spinning Slash,Curved Sword
Spinning Slash,Curved Greatsword
Spinning Slash,Katana
Spinning Slash,Great Katana
Spinning Slash,Twinblade
Spinning Slash,Backhand Blade
Spinning Slash,Greataxe
Spinning Slash,Spear
Spinning Slash,Great Spear
Spinning Slash,Halberd
Impaling Thrust,Dagger
Impaling Thrust,Throwing Blade
Impaling Thrust,Straight Sword
Impaling Thrust,Greatsword
Impaling Thrust,Light Greatsword
Impaling Thrust,Katana
Impaling Thrust,Great Katana
Impaling Thrust,Twinblade
Impaling Thrust,Thrusting Sword
Impaling Thrust,Heavy Thrusting Sword
Impaling Thrust,Spear
Impaling Thrust,Great Spear
Impaling Thrust,Halberd
Impaling Thrust,Claw
Impaling Thrust,Thrusting Shield
Piercing Fang,Straight Sword
Piercing Fang,Greatsword
Piercing Fang,Light Greatsword
Piercing Fang,Katana
Piercing Fang,Great Katana
Piercing Fang,Twinblade
Piercing Fang,Thrusting Sword
Piercing Fang,Heavy Thrusting Sword
Piercing Fang,Spear
Piercing Fang,Great Spear
Piercing Fang,Halberd
Piercing Fang,Thrusting Shield
Repeating Thrust,Dagger
Repeating Thrust,Throwing Blade
Repeating Thrust,Straight Sword
Repeating Thrust,Greatsword
Repeating Thrust,Light Greatsword
Repeating Thrust,Katana
Repeating Thrust,Great Katana
Repeating Thrust,Twinblade
Repeating Thrust,Thrusting Sword
Repeating Thrust,Heavy Thrusting Sword
Repeating Thrust,Spear
Repeating Thrust,Great Spear
Repeating Thrust,Halberd
Repeating Thrust,Thrusting Shield
Double Slash,Polearm
Double Slash,Dagger
Double Slash,Throwing Blade
Double Slash,Straight Sword
Double Slash,Greatsword
Double Slash,Light Greatsword
Double Slash,Curved Sword
Double Slash,Curved Greatsword
Double Slash,Katana
Double Slash,Great Katana
Double Slash,Twinblade
Double Slash,Halberd
Double Slash,Reaper
Sword Dance,Axe
Sword Dance,Colossal Weapon
Sword Dance,Spear
Sword Dance,Dagger
Sword Dance,Throwing Blade
Sword Dance,Straight Sword
Sword Dance,Greatsword
Sword Dance,Light Greatsword
Sword Dance,Curved Sword
Sword Dance,Curved Greatsword
Sword Dance,Katana
Sword Dance,Great Katana
Sword Dance,Twinblade
Sword Dance,Backhand Blade
Sword Dance,Greataxe
Sword Dance,Halberd
Sword Dance,Reaper
Unsheathe,Katana
Quickstep,AllMelee
Quickstep,Dagger
Quickstep,Throwing Blade
Quickstep,Straight Sword
Quickstep,Greatsword
Quickstep,Light Greatsword
Quickstep,Colossal Sword
Quickstep,Curved Sword
Quickstep,Curved Greatsword
Quickstep,Katana
Quickstep,Great Katana
Quickstep,Twinblade
Quickstep,Backhand Blade
Quickstep,Thrusting Sword
Quickstep,Heavy Thrusting Sword
Quickstep,Hammer
Quickstep,Great Hammer
Quickstep,Axe
Quickstep,Greataxe
Quickstep,Flail
Quickstep,Spear
Quickstep,Great Spear
Quickstep,Halberd
Quickstep,Reaper
Quickstep,Fist
Quickstep,Hand-to-Hand
Quickstep,Claw
Quickstep,Beast Claw
Quickstep,Whip
Quickstep,Perfume Bottle
Quickstep,Colossal Weapon
Quickstep,Thrusting Shield
Bloodhound's Step,AllMelee
Bloodhound's Step,Dagger
Bloodhound's Step,Throwing Blade
Bloodhound's Step,Straight Sword
Bloodhound's Step,Greatsword
Bloodhound's Step,Light Greatsword
Bloodhound's Step,Colossal Sword
Bloodhound's Step,Curved Sword
Bloodhound's Step,Curved Greatsword
Bloodhound's Step,Katana
Bloodhound's Step,Great Katana
Bloodhound's Step,Twinblade
Bloodhound's Step,Backhand Blade
Bloodhound's Step,Thrusting Sword
Bloodhound's Step,Heavy Thrusting Sword
Bloodhound's Step,Hammer
Bloodhound's Step,Great Hammer
Bloodhound's Step,Axe
Bloodhound's Step,Greataxe
Bloodhound's Step,Flail
Bloodhound's Step,Spear
Bloodhound's Step,Great Spear
Bloodhound's Step,Halberd
Bloodhound's Step,Reaper
Bloodhound's Step,Fist
Bloodhound's Step,Hand-to-Hand
Bloodhound's Step,Claw
Bloodhound's Step,Beast Claw
Bloodhound's Step,Whip
Bloodhound's Step,Perfume Bottle
Bloodhound's Step,Colossal Weapon
Bloodhound's Step,Thrusting Shield
Raptor of the Mists,AllMelee
Raptor of the Mists,Dagger
Raptor of the Mists,Throwing Blade
Raptor of the Mists,Straight Sword
Raptor of the Mists,Greatsword
Raptor of the Mists,Light Greatsword
Raptor of the Mists,Colossal Sword
Raptor of the Mists,Curved Sword
Raptor of the Mists,Curved Greatsword
Raptor of the Mists,Katana
Raptor of the Mists,Great Katana
Raptor of the Mists,Twinblade
Raptor of the Mists,Backhand Blade
Raptor of the Mists,Thrusting Sword
Raptor of the Mists,Heavy Thrusting Sword
Raptor of the Mists,Hammer
Raptor of the Mists,Great Hammer
Raptor of the Mists,Axe
Raptor of the Mists,Greataxe
Raptor of the Mists,Flail
Raptor of the Mists,Spear
Raptor of the Mists,Great Spear
Raptor of the Mists,Halberd
Raptor of the Mists,Reaper
Raptor of the Mists,Fist
Raptor of the Mists,Hand-to-Hand
Raptor of the Mists,Claw
Raptor of the Mists,Beast Claw
Raptor of the Mists,Whip
Raptor of the Mists,Perfume Bottle
Raptor of the Mists,Colossal Weapon
Raptor of the Mists,Thrusting Shield
Beast's Roar,AllMelee
Beast's Roar,Dagger
Beast's Roar,Throwing Blade
Beast's Roar,Straight Sword
Beast's Roar,Greatsword
Beast's Roar,Light Greatsword
Beast's Roar,Colossal Sword
Beast's Roar,Curved Sword
Beast's Roar,Curved Greatsword
Beast's Roar,Katana
Beast's Roar,Great Katana
Beast's Roar,Twinblade
Beast's Roar,Backhand Blade
Beast's Roar,Thrusting Sword
Beast's Roar,Heavy Thrusting Sword
Beast's Roar,Hammer
Beast's Roar,Great Hammer
Beast's Roar,Axe
Beast's Roar,Greataxe
Beast's Roar,Flail
Beast's Roar,Spear
Beast's Roar,Great Spear
Beast's Roar,Halberd
Beast's Roar,Reaper
Beast's Roar,Fist
Beast's Roar,Hand-to-Hand
Beast's Roar,Claw
Beast's Roar,Beast Claw
Beast's Roar,Whip
Beast's Roar,Perfume Bottle
Beast's Roar,Colossal Weapon
Beast's Roar,Thrusting Shield
Square Off,Straight Sword
Charge Forth,Polearm
Charge Forth,Heavy Thrusting Sword
Charge Forth,Twinblade
Charge Forth,Spear
Charge Forth,Great Spear
Charge Forth,Halberd
Charge Forth,Thrusting Shield
Spinning Strikes,Polearm
Spinning Strikes,Spear
Spinning Strikes,Halberd
Spinning Strikes,Reaper
Giant Hunt,Colossal Weapon
Giant Hunt,Spear
Giant Hunt,Twinblade
Giant Hunt,Greatsword
Giant Hunt,Colossal Sword
Giant Hunt,Great Katana
Giant Hunt,Heavy Thrusting Sword
Giant Hunt,Great Spear
Giant Hunt,Halberd
Giant Hunt,Thrusting Shield
Storm Blade,AllMelee
Storm Blade,Dagger
Storm Blade,Throwing Blade
Storm Blade,Straight Sword
Storm Blade,Greatsword
Storm Blade,Light Greatsword
Storm Blade,Curved Sword
Storm Blade,Curved Greatsword
Storm Blade,Katana
Storm Blade,Great Katana
Storm Blade,Thrusting Sword
Storm Assault,Polearm
Storm Assault,Heavy Thrusting Sword
Storm Assault,Twinblade
Storm Assault,Spear
Storm Assault,Great Spear
Storm Assault,Halberd
Storm Assault,Thrusting Shield
Stormcaller,Axe
Stormcaller,Hammer
Stormcaller,Polearm
Stormcaller,Colossal Weapon
Stormcaller,Straight Sword
Stormcaller,Greatsword
Stormcaller,Light Greatsword
Stormcaller,Curved Sword
Stormcaller,Curved Greatsword
Stormcaller,Katana
Stormcaller,Great Katana
Stormcaller,Twinblade
Stormcaller,Great Hammer
Stormcaller,Greataxe
Stormcaller,Flail
Stormcaller,Spear
Stormcaller,Great Spear
Stormcaller,Halberd
Stormcaller,Reaper
Storm Stomp,AllMelee
Storm Stomp,Dagger
Storm Stomp,Throwing Blade
Storm Stomp,Straight Sword
Storm Stomp,Greatsword
Storm Stomp,Light Greatsword
Storm Stomp,Colossal Sword
Storm Stomp,Curved Sword
Storm Stomp,Curved Greatsword
Storm Stomp,Katana
Storm Stomp,Great Katana
Storm Stomp,Twinblade
Storm Stomp,Backhand Blade
Storm Stomp,Thrusting Sword
Storm Stomp,Heavy Thrusting Sword
Storm Stomp,Hammer
Storm Stomp,Great Hammer
Storm Stomp,Axe
Storm Stomp,Greataxe
Storm Stomp,Flail
Storm Stomp,Spear
Storm Stomp,Great Spear
Storm Stomp,Halberd
Storm Stomp,Reaper
Storm Stomp,Fist
Storm Stomp,Hand-to-Hand
Storm Stomp,Claw
Storm Stomp,Beast Claw
Storm Stomp,Whip
Storm Stomp,Perfume Bottle
Storm Stomp,Colossal Weapon
Storm Stomp,Thrusting Shield
Vacuum Slice,Axe
Vacuum Slice,Dagger
Vacuum Slice,Straight Sword
Vacuum Slice,Greatsword
Vacuum Slice,Colossal Sword
Vacuum Slice,Curved Sword
Vacuum Slice,Curved Greatsword
Vacuum Slice,Katana
Vacuum Slice,Twinblade
Vacuum Slice,Thrusting Sword
Vacuum Slice,Heavy Thrusting Sword
Phantom Slash,Polearm
Phantom Slash,Twinblade
Phantom Slash,Spear
Phantom Slash,Halberd
Phantom Slash,Reaper
Determination,AllMelee
Determination,Dagger
Determination,Straight Sword
Determination,Greatsword
Determination,Light Greatsword
Determination,Colossal Sword
Determination,Curved Sword
Determination,Curved Greatsword
Determination,Katana
Determination,Great Katana
Determination,Twinblade
Determination,Backhand Blade
Determination,Thrusting Sword
Determination,Heavy Thrusting Sword
Determination,Hammer
Determination,Great Hammer
Determination,Axe
Determination,Greataxe
Determination,Flail
Determination,Spear
Determination,Great Spear
Determination,Halberd
Determination,Reaper
Determination,Fist
Determination,Claw
Determination,Beast Claw
Determination,Whip
Determination,Colossal Weapon
Determination,Thrusting Shield
Royal Knight's Resolve,AllMelee
Royal Knight's Resolve,Dagger
Royal Knight's Resolve,Straight Sword
Royal Knight's Resolve,Greatsword
Royal Knight's Resolve,Light Greatsword
Royal Knight's Resolve,Colossal Sword
Royal Knight's Resolve,Curved Sword
Royal Knight's Resolve,Curved Greatsword
Royal Knight's Resolve,Katana
Royal Knight's Resolve,Great Katana
Royal Knight's Resolve,Twinblade
Royal Knight's Resolve,Backhand Blade
Royal Knight's Resolve,Thrusting Sword
Royal Knight's Resolve,Heavy Thrusting Sword
Royal Knight's Resolve,Hammer
Royal Knight's Resolve,Great Hammer
Royal Knight's Resolve,Axe
Royal Knight's Resolve,Greataxe
Royal Knight's Resolve,Flail
Royal Knight's Resolve,Spear
Royal Knight's Resolve,Great Spear
Royal Knight's Resolve,Halberd
Royal Knight's Resolve,Reaper
Royal Knight's Resolve,Fist
Royal Knight's Resolve,Claw
Royal Knight's Resolve,Beast Claw
Royal Knight's Resolve,Whip
Royal Knight's Resolve,Colossal Weapon
Royal Knight's Resolve,Thrusting Shield
Glintstone Pebble,Polearm
Glintstone Pebble,Dagger
Glintstone Pebble,Throwing Blade
Glintstone Pebble,Straight Sword
Glintstone Pebble,Greatsword
Glintstone Pebble,Light Greatsword
Glintstone Pebble,Curved Sword
Glintstone Pebble,Curved Greatsword
Glintstone Pebble,Katana
Glintstone Pebble,Great Katana
Glintstone Pebble,Twinblade
Glintstone Pebble,Thrusting Sword
Glintstone Pebble,Heavy Thrusting Sword
Glintstone Pebble,Spear
Glintstone Pebble,Great Spear
Glintstone Pebble,Halberd
Glintstone Pebble,Thrusting Shield
Glintblade Phalanx,Polearm
Glintblade Phalanx,Dagger
Glintblade Phalanx,Throwing Blade
Glintblade Phalanx,Straight Sword
Glintblade Phalanx,Greatsword
Glintblade Phalanx,Light Greatsword
Glintblade Phalanx,Curved Sword
Glintblade Phalanx,Curved Greatsword
Glintblade Phalanx,Katana
Glintblade Phalanx,Great Katana
Glintblade Phalanx,Twinblade
Glintblade Phalanx,Thrusting Sword
Glintblade Phalanx,Heavy Thrusting Sword
Glintblade Phalanx,Spear
Glintblade Phalanx,Great Spear
Glintblade Phalanx,Halberd
Carian Greatsword,Dagger
Carian Greatsword,Throwing Blade
Carian Greatsword,Straight Sword
Carian Greatsword,Greatsword
Carian Greatsword,Light Greatsword
Carian Greatsword,Curved Sword
Carian Greatsword,Curved Greatsword
Carian Greatsword,Katana
Carian Greatsword,Great Katana
Carian Greatsword,Twinblade
Carian Greatsword,Thrusting Sword
Carian Greatsword,Heavy Thrusting Sword
Carian Grandeur,Dagger
Carian Grandeur,Throwing Blade
Carian Grandeur,Straight Sword
Carian Grandeur,Greatsword
Carian Grandeur,Light Greatsword
Carian Grandeur,Curved Sword
Carian Grandeur,Curved Greatsword
Carian Grandeur,Katana
Carian Grandeur,Great Katana
Carian Grandeur,Twinblade
Carian Grandeur,Thrusting Sword
Carian Grandeur,Heavy Thrusting Sword
Spinning Weapon,Axe
Spinning Weapon,Hammer
Spinning Weapon,Polearm
Spinning Weapon,Glintstone Staff
Spinning Weapon,Dagger
Spinning Weapon,Throwing Blade
Spinning Weapon,Straight Sword
Spinning Weapon,Light Greatsword
Spinning Weapon,Curved Sword
Spinning Weapon,Katana
Spinning Weapon,Great Katana
Spinning Weapon,Twinblade
Spinning Weapon,Backhand Blade
Spinning Weapon,Flail
Spinning Weapon,Spear
Spinning Weapon,Halberd
Spinning Weapon,Reaper
Spinning Weapon,Thrusting Shield
Loretta's Slash,Polearm
Loretta's Slash,Twinblade
Loretta's Slash,Spear
Loretta's Slash,Great Spear
Loretta's Slash,Halberd
Loretta's Slash,Reaper
Gravitas,AllMelee
Gravitas,Straight Sword
Gravitas,Greatsword
Gravitas,Light Greatsword
Gravitas,Colossal Sword
Gravitas,Curved Sword
Gravitas,Curved Greatsword
Gravitas,Katana
Gravitas,Great Katana
Gravitas,Twinblade
Gravitas,Backhand Blade
Gravitas,Thrusting Sword
Gravitas,Heavy Thrusting Sword
Gravitas,Hammer
Gravitas,Great Hammer
Gravitas,Axe
Gravitas,Greataxe
Gravitas,Flail
Gravitas,Spear
Gravitas,Great Spear
Gravitas,Halberd
Gravitas,Reaper
Gravitas,Colossal Weapon
Gravitas,Thrusting Shield
Waves of Darkness,Greataxe
Waves of Darkness,Hammer
Waves of Darkness,Colossal Weapon
Waves of Darkness,Great Spear
Waves of Darkness,Colossal Sword
Waves of Darkness,Great Hammer
Thops's Barrier,Medium Shield
Carian Retaliation,Medium Shield
Flaming Strike,Colossal Weapon
Flaming Strike,Whip
Flaming Strike,Dagger
Flaming Strike,Straight Sword
Flaming Strike,Greatsword
Flaming Strike,Light Greatsword
Flaming Strike,Curved Sword
Flaming Strike,Curved Greatsword
Flaming Strike,Katana
Flaming Strike,Great Katana
Flaming Strike,Twinblade
Flaming Strike,Backhand Blade
Flaming Strike,Thrusting Sword
Flaming Strike,Heavy Thrusting Sword
Flaming Strike,Hammer
Flaming Strike,Great Hammer
Flaming Strike,Axe
Flaming Strike,Greataxe
Flaming Strike,Flail
Flaming Strike,Spear
Flaming Strike,Great Spear
Flaming Strike,Halberd
Flaming Strike,Reaper
Flaming Strike,Fist
Flaming Strike,Claw
Flaming Strike,Beast Claw
Flaming Strike,Thrusting Shield
Flame of the Redmanes,AllMelee
Flame of the Redmanes,Dagger
Flame of the Redmanes,Throwing Blade
Flame of the Redmanes,Straight Sword
Flame of the Redmanes,Greatsword
Flame of the Redmanes,Light Greatsword
Flame of the Redmanes,Colossal Sword
Flame of the Redmanes,Curved Sword
Flame of the Redmanes,Curved Greatsword
Flame of the Redmanes,Katana
Flame of the Redmanes,Great Katana
Flame of the Redmanes,Twinblade
Flame of the Redmanes,Backhand Blade
Flame of the Redmanes,Thrusting Sword
Flame of the Redmanes,Heavy Thrusting Sword
Flame of the Redmanes,Hammer
Flame of the Redmanes,Great Hammer
Flame of the Redmanes,Axe
Flame of the Redmanes,Greataxe
Flame of the Redmanes,Flail
Flame of the Redmanes,Spear
Flame of the Redmanes,Great Spear
Flame of the Redmanes,Halberd
Flame of the Redmanes,Reaper
Flame of the Redmanes,Fist
Flame of the Redmanes,Hand-to-Hand
Flame of the Redmanes,Claw
Flame of the Redmanes,Beast Claw
Flame of the Redmanes,Whip
Flame of the Redmanes,Colossal Weapon
Flame of the Redmanes,Thrusting Shield
Eruption,Greatsword
Eruption,Greataxe
Eruption,Great Hammer
Eruption,Heavy Thrusting Sword
Eruption,Colossal Weapon
Eruption,Colossal Sword
Eruption,Curved Greatsword
Eruption,Great Katana
Prelate's Charge,Axe
Prelate's Charge,Hammer
Prelate's Charge,Great Hammer
Prelate's Charge,Greataxe
Prelate's Charge,Colossal Weapon
Prelate's Charge,Claw
Black Flame Tornado,Polearm
Black Flame Tornado,Twinblade
Black Flame Tornado,Spear
Black Flame Tornado,Great Spear
Black Flame Tornado,Halberd
Black Flame Tornado,Reaper
Thunderbolt,AllMelee
Thunderbolt,Dagger
Thunderbolt,Throwing Blade
Thunderbolt,Straight Sword
Thunderbolt,Greatsword
Thunderbolt,Light Greatsword
Thunderbolt,Colossal Sword
Thunderbolt,Curved Sword
Thunderbolt,Curved Greatsword
Thunderbolt,Katana
Thunderbolt,Great Katana
Thunderbolt,Twinblade
Thunderbolt,Backhand Blade
Thunderbolt,Thrusting Sword
Thunderbolt,Heavy Thrusting Sword
Thunderbolt,Hammer
Thunderbolt,Great Hammer
Thunderbolt,Axe
Thunderbolt,Greataxe
Thunderbolt,Flail
Thunderbolt,Spear
Thunderbolt,Great Spear
Thunderbolt,Halberd
Thunderbolt,Reaper
Thunderbolt,Fist
Thunderbolt,Claw
Thunderbolt,Beast Claw
Thunderbolt,Whip
Thunderbolt,Colossal Weapon
Thunderbolt,Thrusting Shield
Lightning Slash,Axe
Lightning Slash,Hammer
Lightning Slash,Dagger
Lightning Slash,Straight Sword
Lightning Slash,Greatsword
Lightning Slash,Light Greatsword
Lightning Slash,Colossal Sword
Lightning Slash,Curved Sword
Lightning Slash,Curved Greatsword
Lightning Slash,Katana
Lightning Slash,Great Katana
Lightning Slash,Twinblade
Lightning Slash,Thrusting Sword
Lightning Slash,Heavy Thrusting Sword
Lightning Slash,Great Hammer
Lightning Slash,Greataxe
Lightning Slash,Flail
Lightning Slash,Colossal Weapon
Lightning Ram,AllMelee
Lightning Ram,Dagger
Lightning Ram,Throwing Blade
Lightning Ram,Straight Sword
Lightning Ram,Greatsword
Lightning Ram,Light Greatsword
Lightning Ram,Colossal Sword
Lightning Ram,Curved Sword
Lightning Ram,Curved Greatsword
Lightning Ram,Katana
Lightning Ram,Great Katana
Lightning Ram,Twinblade
Lightning Ram,Backhand Blade
Lightning Ram,Thrusting Sword
Lightning Ram,Heavy Thrusting Sword
Lightning Ram,Hammer
Lightning Ram,Great Hammer
Lightning Ram,Axe
Lightning Ram,Greataxe
Lightning Ram,Flail
Lightning Ram,Spear
Lightning Ram,Great Spear
Lightning Ram,Halberd
Lightning Ram,Reaper
Lightning Ram,Fist
Lightning Ram,Hand-to-Hand
Lightning Ram,Claw
Lightning Ram,Beast Claw
Lightning Ram,Whip
Lightning Ram,Colossal Weapon
Lightning Ram,Thrusting Shield
Sacred Blade,Whip
Sacred Blade,Fist
Sacred Blade,Claw
Sacred Blade,Dagger
Sacred Blade,Straight Sword
Sacred Blade,Light Greatsword
Sacred Blade,Greatsword
Sacred Blade,Colossal Sword
Sacred Blade,Curved Sword
Sacred Blade,Curved Greatsword
Sacred Blade,Katana
Sacred Blade,Great Katana
Sacred Blade,Twinblade
Sacred Blade,Thrusting Sword
Sacred Blade,Heavy Thrusting Sword
Sacred Blade,Hammer
Sacred Blade,Great Hammer
Sacred Blade,Axe
Sacred Blade,Greataxe
Sacred Blade,Flail
Sacred Blade,Spear
Sacred Blade,Great Spear
Sacred Blade,Halberd
Sacred Blade,Reaper
Sacred Blade,Colossal Weapon
Sacred Blade,Thrusting Shield
Prayerful Strike,Axe
Prayerful Strike,Hammer
Prayerful Strike,Great Hammer
Prayerful Strike,Greataxe
Prayerful Strike,Flail
Prayerful Strike,Colossal Weapon
Sacred Ring of Light,Polearm
Sacred Ring of Light,Spear
Sacred Ring of Light,Halberd
Sacred Ring of Light,Reaper
Sacred Ring of Light,Claw
Sacred Order,AllMelee
Sacred Order,Dagger
Sacred Order,Straight Sword
Sacred Order,Greatsword
Sacred Order,Light Greatsword
Sacred Order,Colossal Sword
Sacred Order,Curved Sword
Sacred Order,Curved Greatsword
Sacred Order,Katana
Sacred Order,Great Katana
Sacred Order,Twinblade
Sacred Order,Backhand Blade
Sacred Order,Thrusting Sword
Sacred Order,Heavy Thrusting Sword
Sacred Order,Hammer
Sacred Order,Great Hammer
Sacred Order,Axe
Sacred Order,Greataxe
Sacred Order,Flail
Sacred Order,Spear
Sacred Order,Great Spear
Sacred Order,Halberd
Sacred Order,Reaper
Sacred Order,Fist
Sacred Order,Claw
Sacred Order,Beast Claw
Sacred Order,Whip
Sacred Order,Colossal Weapon
Sacred Order,Thrusting Shield
Shared Order,AllMelee
Shared Order,Dagger
Shared Order,Straight Sword
Shared Order,Greatsword
Shared Order,Light Greatsword
Shared Order,Colossal Sword
Shared Order,Curved Sword
Shared Order,Curved Greatsword
Shared Order,Katana
Shared Order,Great Katana
Shared Order,Twinblade
Shared Order,Backhand Blade
Shared Order,Thrusting Sword
Shared Order,Heavy Thrusting Sword
Shared Order,Hammer
Shared Order,Great Hammer
Shared Order,Axe
Shared Order,Greataxe
Shared Order,Flail
Shared Order,Spear
Shared Order,Great Spear
Shared Order,Halberd
Shared Order,Reaper
Shared Order,Fist
Shared Order,Claw
Shared Order,Beast Claw
Shared Order,Whip
Shared Order,Colossal Weapon
Shared Order,Thrusting Shield
Golden Land,Greataxe
Golden Land,Hammer
Golden Land,Colossal Weapon
Golden Land,Colossal Sword
Golden Land,Great Hammer
Golden Land,Great Spear
Golden Slam,AllMelee
Golden Slam,Dagger
Golden Slam,Throwing Blade
Golden Slam,Straight Sword
Golden Slam,Greatsword
Golden Slam,Light Greatsword
Golden Slam,Colossal Sword
Golden Slam,Curved Sword
Golden Slam,Curved Greatsword
Golden Slam,Katana
Golden Slam,Great Katana
Golden Slam,Twinblade
Golden Slam,Backhand Blade
Golden Slam,Thrusting Sword
Golden Slam,Heavy Thrusting Sword
Golden Slam,Hammer
Golden Slam,Great Hammer
Golden Slam,Axe
Golden Slam,Greataxe
Golden Slam,Flail
Golden Slam,Spear
Golden Slam,Great Spear
Golden Slam,Halberd
Golden Slam,Reaper
Golden Slam,Fist
Golden Slam,Hand-to-Hand
Golden Slam,Claw
Golden Slam,Beast Claw
Golden Slam,Whip
Golden Slam,Colossal Weapon
Golden Vow,AllMelee
Golden Vow,Dagger
Golden Vow,Throwing Blade
Golden Vow,Straight Sword
Golden Vow,Greatsword
Golden Vow,Light Greatsword
Golden Vow,Colossal Sword
Golden Vow,Curved Sword
Golden Vow,Curved Greatsword
Golden Vow,Katana
Golden Vow,Great Katana
Golden Vow,Twinblade
Golden Vow,Backhand Blade
Golden Vow,Thrusting Sword
Golden Vow,Heavy Thrusting Sword
Golden Vow,Hammer
Golden Vow,Great Hammer
Golden Vow,Axe
Golden Vow,Greataxe
Golden Vow,Flail
Golden Vow,Spear
Golden Vow,Great Spear
Golden Vow,Halberd
Golden Vow,Reaper
Golden Vow,Fist
Golden Vow,Hand-to-Hand
Golden Vow,Claw
Golden Vow,Beast Claw
Golden Vow,Whip
Golden Vow,Colossal Weapon
Golden Vow,Thrusting Shield
Golden Parry,Medium Shield
Vow of the Indomitable,Shield
Holy Ground,Shield
Poisonous Mist,Whip
Poisonous Mist,Fist
Poisonous Mist,Claw
Poisonous Mist,Dagger
Poisonous Mist,Straight Sword
Poisonous Mist,Greatsword
Poisonous Mist,Light Greatsword
Poisonous Mist,Colossal Sword
Poisonous Mist,Curved Sword
Poisonous Mist,Curved Greatsword
Poisonous Mist,Katana
Poisonous Mist,Great Katana
Poisonous Mist,Twinblade
Poisonous Mist,Thrusting Sword
Poisonous Mist,Heavy Thrusting Sword
Poisonous Mist,Hammer
Poisonous Mist,Great Hammer
Poisonous Mist,Axe
Poisonous Mist,Greataxe
Poisonous Mist,Flail
Poisonous Mist,Spear
Poisonous Mist,Great Spear
Poisonous Mist,Halberd
Poisonous Mist,Reaper
Poisonous Mist,Colossal Weapon
Poisonous Mist,Thrusting Shield
Poison Moth Flight,Dagger
Poison Moth Flight,Throwing Blade
Poison Moth Flight,Straight Sword
Poison Moth Flight,Light Greatsword
Poison Moth Flight,Curved Sword
Poison Moth Flight,Katana
Poison Moth Flight,Thrusting Sword
Poison Moth Flight,Backhand Blade
Blood Blade,Dagger
Blood Blade,Throwing Blade
Blood Blade,Straight Sword
Blood Blade,Light Greatsword
Blood Blade,Curved Sword
Blood Blade,Katana
Blood Blade,Twinblade
Blood Blade,Backhand Blade
Blood Blade,Thrusting Sword
Bloody Slash,Dagger
Bloody Slash,Throwing Blade
Bloody Slash,Straight Sword
Bloody Slash,Greatsword
Bloody Slash,Light Greatsword
Bloody Slash,Curved Sword
Bloody Slash,Curved Greatsword
Bloody Slash,Katana
Bloody Slash,Great Katana
Bloody Slash,Twinblade
Bloody Slash,Thrusting Sword
Blood Tax,Dagger
Blood Tax,Throwing Blade
Blood Tax,Straight Sword
Blood Tax,Greatsword
Blood Tax,Light Greatsword
Blood Tax,Katana
Blood Tax,Great Katana
Blood Tax,Twinblade
Blood Tax,Thrusting Sword
Blood Tax,Heavy Thrusting Sword
Blood Tax,Spear
Blood Tax,Great Spear
Blood Tax,Halberd
Blood Tax,Thrusting Shield
Seppuku,Polearm
Seppuku,Colossal Weapon
Seppuku,Straight Sword
Seppuku,Greatsword
Seppuku,Light Greatsword
Seppuku,Curved Sword
Seppuku,Curved Greatsword
Seppuku,Katana
Seppuku,Great Katana
Seppuku,Twinblade
Seppuku,Thrusting Sword
Seppuku,Heavy Thrusting Sword
Seppuku,Spear
Seppuku,Great Spear
Seppuku,Halberd
Ice Spear,Polearm
Ice Spear,Twinblade
Ice Spear,Spear
Ice Spear,Great Spear
Ice Spear,Halberd
Chilling Mist,Whip
Chilling Mist,Fist
Chilling Mist,Claw
Chilling Mist,Dagger
Chilling Mist,Straight Sword
Chilling Mist,Greatsword
Chilling Mist,Light Greatsword
Chilling Mist,Colossal Sword
Chilling Mist,Curved Sword
Chilling Mist,Curved Greatsword
Chilling Mist,Katana
Chilling Mist,Great Katana
Chilling Mist,Twinblade
Chilling Mist,Thrusting Sword
Chilling Mist,Heavy Thrusting Sword
Chilling Mist,Hammer
Chilling Mist,Great Hammer
Chilling Mist,Axe
Chilling Mist,Greataxe
Chilling Mist,Flail
Chilling Mist,Spear
Chilling Mist,Great Spear
Chilling Mist,Halberd
Chilling Mist,Reaper
Chilling Mist,Colossal Weapon
Chilling Mist,Thrusting Shield
Hoarfrost Stomp,AllMelee
Hoarfrost Stomp,Dagger
Hoarfrost Stomp,Throwing Blade
Hoarfrost Stomp,Straight Sword
Hoarfrost Stomp,Greatsword
Hoarfrost Stomp,Light Greatsword
Hoarfrost Stomp,Colossal Sword
Hoarfrost Stomp,Curved Sword
Hoarfrost Stomp,Curved Greatsword
Hoarfrost Stomp,Katana
Hoarfrost Stomp,Great Katana
Hoarfrost Stomp,Twinblade
Hoarfrost Stomp,Backhand Blade
Hoarfrost Stomp,Thrusting Sword
Hoarfrost Stomp,Heavy Thrusting Sword
Hoarfrost Stomp,Hammer
Hoarfrost Stomp,Great Hammer
Hoarfrost Stomp,Axe
Hoarfrost Stomp,Greataxe
Hoarfrost Stomp,Flail
Hoarfrost Stomp,Spear
Hoarfrost Stomp,Great Spear
Hoarfrost Stomp,Halberd
Hoarfrost Stomp,Reaper
Hoarfrost Stomp,Fist
Hoarfrost Stomp,Hand-to-Hand
Hoarfrost Stomp,Claw
Hoarfrost Stomp,Beast Claw
Hoarfrost Stomp,Whip
Hoarfrost Stomp,Colossal Weapon
Hoarfrost Stomp,Thrusting Shield
Spectral Lance,Polearm
Spectral Lance,Spear
Spectral Lance,Great Spear
Spectral Lance,Halberd
Lifesteal Fist,Fist
Lifesteal Fist,Claw
Lifesteal Fist,Beast Claw
Lifesteal Fist,Hand-to-Hand
White Shadow's Lure,AllMelee
White Shadow's Lure,Dagger
White Shadow's Lure,Throwing Blade
White Shadow's Lure,Straight Sword
White Shadow's Lure,Greatsword
White Shadow's Lure,Light Greatsword
White Shadow's Lure,Colossal Sword
White Shadow's Lure,Curved Sword
White Shadow's Lure,Curved Greatsword
White Shadow's Lure,Katana
White Shadow's Lure,Great Katana
White Shadow's Lure,Twinblade
White Shadow's Lure,Backhand Blade
White Shadow's Lure,Thrusting Sword
White Shadow's Lure,Heavy Thrusting Sword
White Shadow's Lure,Hammer
White Shadow's Lure,Great Hammer
White Shadow's Lure,Axe
White Shadow's Lure,Greataxe
White Shadow's Lure,Flail
White Shadow's Lure,Spear
White Shadow's Lure,Great Spear
White Shadow's Lure,Halberd
White Shadow's Lure,Reaper
White Shadow's Lure,Fist
White Shadow's Lure,Hand-to-Hand
White Shadow's Lure,Claw
White Shadow's Lure,Beast Claw
White Shadow's Lure,Whip
White Shadow's Lure,Colossal Weapon
White Shadow's Lure,Thrusting Shield
Assassin's Gambit,Straight Sword
Assassin's Gambit,Thrusting Sword
Assassin's Gambit,Dagger
Assassin's Gambit,Throwing Blade
Assassin's Gambit,Light Greatsword
Assassin's Gambit,Katana
Assassin's Gambit,Twinblade
Mighty Shot,Light Bow
Mighty Shot,Bow
Through and Through,Bow
Barrage,Bow
Sky Shot,Light Bow
Sky Shot,Bow
Enchanted Shot,Light Bow
Enchanted Shot,Bow
Rain of Arrows,Bow
Rain of Arrows,Light Bow
Parry,Dagger
Parry,Curved Sword
Parry,Thrusting Sword
Parry,Fist
Parry,Claw
Parry,Medium Shield
Parry,Small Shield
Parry,Throwing Blade
Storm Wall,Medium Shield
Shield Bash,Shield
Shield Crash,Shield
Barricade Shield,Shield
