Location,Name,ShortName,IsDlc,Health,DefPhys,DefStrike,DefSlash,DefPierce,DefMagic,DefFire,DefLtng,DefHoly,NegPhys,NegStrike,NegSlash,NegPierce,NegMagic,NegFire,NegLtng,NegHoly,ResPoison,ResRot,ResBleed,ResFrost,ResSleep,ResMadness,ResDeath,Poise
Abandoned Cave,Cleanrot Knight (Sickle) [Boss],Cleanrot Knight (Sickle),0.0,2102.0,109.0,109.0,109.0,109.0,109.0,109.0,109.0,109.0,10.0,10.0,35.0,0.0,20.0,-20.0,0.0,40.0,534.0,9999.0,326.0,326.0,237.0,9999.0,9999.0,65.0
Abandoned Cave,Cleanrot Knight (Spear) [Boss],Cleanrot Knight (Spear),0.0,2102.0,109.0,109.0,109.0,109.0,109.0,109.0,109.0,109.0,10.0,10.0,35.0,0.0,20.0,-20.0,0.0,40.0,534.0,9999.0,326.0,326.0,237.0,9999.0,9999.0,65.0
Academy Crystal Cave,Crystalian (Spear) [Boss],Crystalian (Spear),0.0,1595.0,107.0,107.0,107.0,107.0,107.0,107.0,107.0,107.0,91.0,10.0,93.5,93.5,94.0,94.0,94.0,94.0,530.0,530.0,9999.0,530.0,9999.0,9999.0,9999.0,70.0
Academy Crystal Cave,Crystalian (Spear) [Boss] [Cracked],Crystalian (Spear) [Cracked],0.0,1595.0,107.0,107.0,107.0,107.0,107.0,107.0,107.0,107.0,10.0,10.0,35.0,35.0,40.0,40.0,40.0,40.0,530.0,530.0,9999.0,530.0,9999.0,9999.0,9999.0,70.0
Academy Crystal Cave,Crystalian (Staff) [Boss],Crystalian (Staff),0.0,1595.0,107.0,107.0,107.0,107.0,107.0,107.0,107.0,107.0,91.0,10.0,93.5,93.5,94.0,94.0,94.0,94.0,530.0,530.0,9999.0,530.0,9999.0,9999.0,9999.0,70.0
Academy Crystal Cave,Crystalian (Staff) [Boss] [Cracked],Crystalian (Staff) [Cracked],0.0,1595.0,107.0,107.0,107.0,107.0,107.0,107.0,107.0,107.0,10.0,10.0,35.0,35.0,40.0,40.0,40.0,40.0,530.0,530.0,9999.0,530.0,9999.0,9999.0,9999.0,70.0
Academy of Raya Lucaria,Red Wolf of Radagon [Boss],Red Wolf of Radagon,0.0,2204.0,107.0,107.0,107.0,107.0,107.0,107.0,107.0,107.0,0.0,0.0,-10.0,0.0,40.0,20.0,20.0,20.0,324.0,324.0,530.0,530.0,324.0,9999.0,9999.0,120.0
Academy of Raya Lucaria,"Rennala, Queen of the Full Moon (Phase 1) [Boss]","Rennala, Queen of the Full Moon (Phase 1)",0.0,3493.0,109.0,109.0,109.0,109.0,109.0,109.0,109.0,109.0,-10.0,0.0,-10.0,-10.0,80.0,20.0,20.0,20.0,326.0,326.0,326.0,326.0,9999.0,9999.0,9999.0,0.0
Academy of Raya Lucaria,"Rennala, Queen of the Full Moon - Bubble (Phase 1) [Boss]","Rennala, Queen of the Full Moon - Bubble (Phase 1)",0.0,3493.0,109.0,109.0,109.0,109.0,109.0,109.0,109.0,109.0,100.0,100.0,100.0,100.0,100.0,100.0,100.0,100.0,326.0,326.0,326.0,326.0,9999.0,9999.0,9999.0,0.0
Academy of Raya Lucaria,"Rennala, Queen of the Full Moon (Phase 2) [Boss]","Rennala, Queen of the Full Moon (Phase 2)",0.0,4097.0,109.0,109.0,109.0,109.0,109.0,109.0,109.0,109.0,-10.0,0.0,-10.0,-10.0,80.0,40.0,40.0,40.0,534.0,534.0,326.0,534.0,9999.0,9999.0,9999.0,80.0
Ainsel River,Dragonkin Soldier [Boss],Dragonkin Soldier,0.0,7655.0,117.0,117.0,117.0,117.0,117.0,117.0,117.0,117.0,10.0,10.0,0.0,10.0,20.0,20.0,40.0,20.0,561.0,9999.0,561.0,1207.0,9999.0,9999.0,9999.0,120.0
Ainsel River,Dragonkin Soldier of Nokstella [Boss],Dragonkin Soldier of Nokstella,0.0,4372.0,106.0,106.0,106.0,106.0,106.0,106.0,106.0,106.0,10.0,10.0,0.0,10.0,20.0,20.0,40.0,20.0,526.0,526.0,526.0,1131.0,9999.0,9999.0,9999.0,120.0
Ainsel River - Boss,"Astel, Naturalborn of the Void [Boss]","Astel, Naturalborn of the Void",0.0,11170.0,114.0,114.0,114.0,114.0,114.0,114.0,114.0,114.0,10.0,10.0,10.0,10.0,40.0,40.0,40.0,40.0,552.0,552.0,552.0,9999.0,9999.0,9999.0,9999.0,120.0
"Altus Plateau - Abandoned Coffin, Ruin-Strewn Precipice Exit",Ancient Dragon Lansseax [Boss],Ancient Dragon Lansseax,0.0,9087.0,115.0,115.0,115.0,115.0,115.0,115.0,115.0,115.0,35.0,35.0,35.0,10.0,40.0,40.0,80.0,40.0,556.0,556.0,556.0,556.0,9999.0,9999.0,9999.0,600.0
Altus Plateau - Altus Highway Junction,Night's Cavalry (Flail) [Boss],Night's Cavalry (Flail),0.0,3725.0,113.0,113.0,113.0,113.0,113.0,113.0,113.0,113.0,35.0,35.0,35.0,10.0,40.0,40.0,20.0,40.0,334.0,334.0,548.0,548.0,9999.0,9999.0,9999.0,80.0
"Altus Plateau - Bower of Bounty, Writheblood Ruins",Sanguine Noble [Boss],Sanguine Noble,0.0,3128.0,110.0,110.0,110.0,110.0,110.0,110.0,110.0,110.0,0.0,0.0,-10.0,0.0,20.0,40.0,20.0,20.0,239.0,239.0,179.0,239.0,329.0,9999.0,9999.0,65.0
"Altus Plateau - Erdtree-Gazing Hill, Lux Ruins",Demi-Human Queen [Boss],Demi-Human Queen,0.0,3284.0,110.0,110.0,110.0,110.0,110.0,110.0,110.0,110.0,0.0,0.0,-10.0,0.0,0.0,-20.0,0.0,0.0,179.0,179.0,239.0,239.0,239.0,9999.0,9999.0,80.0
"Altus Plateau - Forest-Spanning Greatbridge, St. Trina's Hideaway, Sainted Hero's Grave Entrance",Black Knife Assassin [Boss],Black Knife Assassin,0.0,5413.0,113.0,113.0,113.0,113.0,113.0,113.0,113.0,113.0,10.0,10.0,10.0,35.0,20.0,20.0,20.0,40.0,9999.0,9999.0,9999.0,334.0,9999.0,9999.0,9999.0,80.0
Altus Plateau - Golden Lineage Evergaol,Godefroy the Grafted [Boss],Godefroy the Grafted,0.0,12419.0,113.0,113.0,113.0,113.0,113.0,113.0,113.0,113.0,0.0,0.0,0.0,0.0,20.0,20.0,20.0,40.0,334.0,334.0,334.0,334.0,334.0,9999.0,9999.0,105.0
Altus Plateau - Shaded Castle,Elemer of the Briar [Boss],Elemer of the Briar,0.0,4897.0,111.0,111.0,111.0,111.0,111.0,111.0,111.0,111.0,35.0,35.0,35.0,10.0,40.0,40.0,20.0,40.0,332.0,332.0,543.0,543.0,332.0,9999.0,9999.0,80.0
Altus Plateau - South of Tree Sentinel Duo,Fallingstar Beast [Boss],Fallingstar Beast,0.0,7009.0,113.0,113.0,113.0,113.0,113.0,113.0,113.0,113.0,35.0,35.0,35.0,35.0,20.0,20.0,20.0,20.0,548.0,548.0,9999.0,9999.0,9999.0,9999.0,9999.0,100.0
"Altus Plateau - Tree Sentinel Duo, Perfumer's Grotto Entrance",Tree Sentinel (Torch) [Boss],Tree Sentinel (Torch),0.0,5384.0,113.0,113.0,113.0,113.0,113.0,113.0,113.0,113.0,10.0,10.0,35.0,10.0,20.0,40.0,0.0,40.0,334.0,334.0,548.0,548.0,334.0,9999.0,9999.0,80.0
"Altus Plateau - Tree Sentinel Duo, Perfumer's Grotto Entrance",Tree Sentinel [Boss],Tree Sentinel,0.0,6461.0,113.0,113.0,113.0,113.0,113.0,113.0,113.0,113.0,10.0,10.0,35.0,10.0,20.0,40.0,0.0,40.0,334.0,334.0,548.0,548.0,334.0,9999.0,9999.0,80.0
Altus Plateau - Windmill Heights,Godskin Apostle [Boss],Godskin Apostle,0.0,7528.0,113.0,113.0,113.0,113.0,113.0,113.0,113.0,113.0,0.0,10.0,-10.0,0.0,20.0,40.0,20.0,40.0,334.0,334.0,243.0,334.0,243.0,9999.0,9999.0,80.0
"Altus Plateau - Woodfolk Ruins, Minor Erdtree",Wormface [Boss],Wormface,0.0,5876.0,113.0,113.0,113.0,113.0,113.0,113.0,113.0,113.0,0.0,0.0,-10.0,0.0,0.0,0.0,0.0,40.0,334.0,334.0,334.0,334.0,334.0,9999.0,9999.0,80.0
"Altus Plateau - Wyndham Ruins, Wyndham Catacombs Entrance",Tibia Mariner [Boss],Tibia Mariner,0.0,7911.0,114.0,114.0,114.0,114.0,114.0,114.0,114.0,114.0,10.0,-40.0,10.0,35.0,20.0,20.0,40.0,-40.0,9999.0,337.0,9999.0,9999.0,9999.0,9999.0,9999.0,80.0
Altus Tunnel,Crystalian (Ringblade) [Boss],Crystalian (Ringblade),0.0,1892.0,110.0,110.0,110.0,110.0,110.0,110.0,110.0,110.0,91.0,10.0,93.5,93.5,94.0,94.0,94.0,94.0,539.0,539.0,9999.0,539.0,9999.0,9999.0,9999.0,70.0
Altus Tunnel,Crystalian (Ringblade) [Boss] [Cracked],Crystalian (Ringblade) [Cracked],0.0,1892.0,110.0,110.0,110.0,110.0,110.0,110.0,110.0,110.0,10.0,10.0,35.0,35.0,40.0,40.0,40.0,40.0,539.0,539.0,9999.0,539.0,9999.0,9999.0,9999.0,70.0
Altus Tunnel,Crystalian (Spear) [Boss],Crystalian (Spear),0.0,1892.0,110.0,110.0,110.0,110.0,110.0,110.0,110.0,110.0,91.0,10.0,93.5,93.5,94.0,94.0,94.0,94.0,539.0,539.0,9999.0,539.0,9999.0,9999.0,9999.0,70.0
Altus Tunnel,Crystalian (Spear) [Boss] [Cracked],Crystalian (Spear) [Cracked],0.0,1892.0,110.0,110.0,110.0,110.0,110.0,110.0,110.0,110.0,10.0,10.0,35.0,35.0,40.0,40.0,40.0,40.0,539.0,539.0,9999.0,539.0,9999.0,9999.0,9999.0,70.0
Auriza Hero's Grave,Crucible Knight (Tree Spear) [Boss],Crucible Knight (Tree Spear),0.0,5460.0,111.0,111.0,111.0,111.0,111.0,111.0,111.0,111.0,35.0,35.0,35.0,35.0,40.0,20.0,20.0,40.0,543.0,543.0,9999.0,543.0,543.0,9999.0,9999.0,80.0
Auriza Hero's Grave,Crucible Knight Ordovis [Boss],Crucible Knight Ordovis,0.0,5460.0,111.0,111.0,111.0,111.0,111.0,111.0,111.0,111.0,35.0,35.0,35.0,35.0,40.0,20.0,20.0,40.0,543.0,543.0,9999.0,543.0,543.0,9999.0,9999.0,80.0
Auriza Side Tomb,Grave Warden Duelist [Boss],Grave Warden Duelist,0.0,6240.0,111.0,111.0,111.0,111.0,111.0,111.0,111.0,111.0,0.0,0.0,-10.0,0.0,0.0,0.0,0.0,0.0,241.0,241.0,181.0,241.0,241.0,9999.0,9999.0,65.0
Bellum Highway - East Raya Lucaria Gate,Night's Cavalry (Glaive) [Boss],Night's Cavalry (Glaive),0.0,2704.0,110.0,110.0,110.0,110.0,110.0,110.0,110.0,110.0,35.0,35.0,35.0,10.0,40.0,40.0,20.0,40.0,329.0,329.0,539.0,539.0,9999.0,9999.0,9999.0,80.0
"Bellum Highway - Frenzied Flame Village, Minor Erdtree",Erdtree Avatar [Boss],Erdtree Avatar,0.0,4690.0,110.0,110.0,110.0,110.0,110.0,110.0,110.0,110.0,10.0,0.0,10.0,10.0,20.0,-40.0,20.0,40.0,329.0,329.0,9999.0,239.0,9999.0,9999.0,9999.0,120.0
Black Knife Catacombs,Black Knife Assassin [Boss],Black Knife Assassin,0.0,3312.0,107.0,107.0,107.0,107.0,107.0,107.0,107.0,107.0,10.0,10.0,10.0,35.0,20.0,20.0,20.0,40.0,9999.0,9999.0,9999.0,324.0,9999.0,9999.0,9999.0,80.0
Black Knife Catacombs,Cemetery Shade [Boss],Cemetery Shade,0.0,691.0,107.0,107.0,107.0,107.0,107.0,107.0,107.0,107.0,10.0,10.0,10.0,35.0,0.0,0.0,0.0,-20.0,9999.0,9999.0,9999.0,9999.0,9999.0,9999.0,9999.0,70.0
"Caelid - Caelem Ruins, Forsaken Ruins, Minor Erdtree, Minor Erdtree Catacombs Entrance",Putrid Avatar [Boss],Putrid Avatar,0.0,5671.0,111.0,111.0,111.0,111.0,111.0,111.0,111.0,111.0,10.0,0.0,10.0,10.0,20.0,-100.0,20.0,40.0,9999.0,9999.0,9999.0,332.0,9999.0,9999.0,9999.0,120.0
Caelid - Caelid Highway South,Decaying Ekzykes [Boss],Decaying Ekzykes,0.0,23731.0,114.0,114.0,114.0,114.0,114.0,114.0,114.0,114.0,-40.0,-40.0,-40.0,-10.0,-40.0,-100.0,-40.0,-40.0,1188.0,1188.0,245.0,245.0,9999.0,9999.0,9999.0,120.0
Caelid - Deep Siofra Well; Greyoll's Dragonbarrow - Dragonbarrow West,Mad Pumpkin Head (Hammer) [Boss],Mad Pumpkin Head (Hammer),0.0,2800.0,109.0,109.0,109.0,109.0,109.0,109.0,109.0,109.0,0.0,10.0,-10.0,0.0,0.0,0.0,-20.0,0.0,237.0,237.0,178.0,178.0,326.0,9999.0,9999.0,65.0
Caelid - Deep Siofra Well; Greyoll's Dragonbarrow - Dragonbarrow West,Mad Pumpkin Head (Hammer) [Boss],Mad Pumpkin Head (Hammer),0.0,2800.0,109.0,109.0,109.0,109.0,109.0,109.0,109.0,109.0,0.0,10.0,-10.0,0.0,0.0,0.0,-20.0,0.0,237.0,237.0,178.0,178.0,326.0,9999.0,9999.0,65.0
Caelid - East Aeonia Swamp,Commander O'Neil [Boss],Commander O'Neil,0.0,9210.0,111.0,111.0,111.0,111.0,111.0,111.0,111.0,111.0,10.0,10.0,35.0,0.0,20.0,20.0,20.0,20.0,332.0,9999.0,332.0,332.0,332.0,9999.0,9999.0,90.0
Caelid - Redmane Castle,Crucible Knight (Greatsword) [Boss],Crucible Knight (Greatsword),0.0,4515.0,110.0,110.0,110.0,110.0,110.0,110.0,110.0,110.0,35.0,35.0,35.0,35.0,40.0,20.0,20.0,40.0,539.0,539.0,9999.0,539.0,539.0,9999.0,9999.0,80.0
Caelid - Redmane Castle,Misbegotten Warrior [Boss],Misbegotten Warrior,0.0,3569.0,110.0,110.0,110.0,110.0,110.0,110.0,110.0,110.0,10.0,10.0,0.0,10.0,20.0,0.0,20.0,20.0,329.0,329.0,329.0,329.0,329.0,9999.0,9999.0,80.0
Caelid - Southern Aeonia Swamp Bank,Death Rite Bird [Boss],Death Rite Bird,0.0,7952.0,111.0,111.0,111.0,111.0,111.0,111.0,111.0,111.0,10.0,-40.0,10.0,35.0,20.0,20.0,40.0,-40.0,9999.0,543.0,9999.0,9999.0,9999.0,9999.0,9999.0,120.0
Caelid - Southern Aeonia Swamp Bank,Night's Cavalry (Flail) [Boss],Night's Cavalry (Flail),0.0,3269.0,111.0,111.0,111.0,111.0,111.0,111.0,111.0,111.0,35.0,35.0,35.0,10.0,40.0,40.0,20.0,40.0,332.0,332.0,543.0,543.0,9999.0,9999.0,9999.0,80.0
"Caelid - West Sellia, Sellia Crystal Tunnel Entrance",Battlemage Hugues [Boss],Battlemage Hugues,0.0,4095.0,111.0,111.0,111.0,111.0,111.0,111.0,111.0,111.0,0.0,10.0,0.0,0.0,40.0,20.0,20.0,0.0,181.0,181.0,241.0,241.0,241.0,9999.0,9999.0,65.0
"Caelid - West Sellia, Sellia Crystal Tunnel Entrance",Nox Priest [Boss],Nox Priest,0.0,1631.0,109.0,109.0,109.0,109.0,109.0,109.0,109.0,109.0,0.0,0.0,-10.0,0.0,20.0,0.0,0.0,-20.0,326.0,326.0,326.0,326.0,237.0,9999.0,9999.0,65.0
"Caelid - West Sellia, Sellia Crystal Tunnel Entrance",Nox Swordstress [Boss],Nox Swordstress,0.0,1631.0,109.0,109.0,109.0,109.0,109.0,109.0,109.0,109.0,0.0,0.0,-10.0,0.0,20.0,0.0,0.0,-20.0,326.0,326.0,326.0,326.0,237.0,9999.0,9999.0,65.0
Caelid Catacombs,Cemetery Shade [Boss],Cemetery Shade,0.0,1467.0,109.0,109.0,109.0,109.0,109.0,109.0,109.0,109.0,10.0,10.0,10.0,35.0,0.0,0.0,0.0,-20.0,9999.0,9999.0,9999.0,9999.0,9999.0,9999.0,9999.0,70.0
"Capital Outskirts - Capital Rampart, Auriza Side Tomb Entrance",Draconic Tree Sentinel [Boss],Draconic Tree Sentinel,0.0,8398.0,114.0,114.0,114.0,114.0,114.0,114.0,114.0,114.0,10.0,10.0,35.0,10.0,20.0,40.0,40.0,20.0,337.0,337.0,552.0,552.0,337.0,9999.0,9999.0,80.0
Capital Outskirts - Minor Erdtree,Death Rite Bird [Boss],Death Rite Bird,0.0,8575.0,114.0,114.0,114.0,114.0,114.0,114.0,114.0,114.0,10.0,-40.0,10.0,35.0,20.0,20.0,40.0,-40.0,9999.0,552.0,9999.0,9999.0,9999.0,9999.0,9999.0,120.0
"Capital Outskirts - Northeast Outer Wall Battleground, Hermit Merchant's Shack",Bell Bearing Hunter [Boss],Bell Bearing Hunter,0.0,6216.0,114.0,114.0,114.0,114.0,114.0,114.0,114.0,114.0,35.0,35.0,35.0,10.0,40.0,40.0,20.0,40.0,337.0,337.0,552.0,552.0,337.0,9999.0,9999.0,80.0
Cave of the Forlorn,Misbegotten Crusader [Boss],Misbegotten Crusader,0.0,9130.0,120.0,120.0,120.0,120.0,120.0,120.0,120.0,120.0,10.0,10.0,0.0,10.0,20.0,0.0,20.0,40.0,367.0,367.0,367.0,367.0,367.0,9999.0,9999.0,80.0
Chapel of Anticipation,Grafted Scion [Boss],Grafted Scion,0.0,2596.0,107.0,107.0,107.0,107.0,107.0,107.0,107.0,107.0,0.0,0.0,-10.0,0.0,20.0,20.0,20.0,20.0,324.0,324.0,235.0,235.0,235.0,9999.0,9999.0,80.0
Cliffbottom Catacombs,Burial Watchdog (Scepter) [Boss],Burial Watchdog (Scepter),0.0,2383.0,107.0,107.0,107.0,107.0,107.0,107.0,107.0,107.0,35.0,10.0,35.0,35.0,40.0,40.0,40.0,40.0,9999.0,9999.0,9999.0,9999.0,9999.0,9999.0,9999.0,80.0
Coastal Cave,Demi-Human Beastman [Boss],Demi-Human Beastman,0.0,1218.0,101.0,101.0,101.0,101.0,101.0,101.0,101.0,101.0,-10.0,-10.0,-40.0,-10.0,-20.0,-20.0,-20.0,-20.0,169.0,169.0,226.0,226.0,169.0,9999.0,9999.0,65.0
"Consecrated Snowfield - Ordina, Liturgical Town",Death Rite Bird [Boss],Death Rite Bird,0.0,17625.0,122.0,122.0,122.0,122.0,122.0,122.0,122.0,122.0,10.0,-40.0,10.0,35.0,20.0,20.0,40.0,-40.0,9999.0,653.0,9999.0,9999.0,9999.0,9999.0,9999.0,120.0
Consecrated Snowfield Catacombs,Putrid Grave Warden Duelist [Boss],Putrid Grave Warden Duelist,0.0,8800.0,120.0,120.0,120.0,120.0,120.0,120.0,120.0,120.0,0.0,0.0,-10.0,0.0,0.0,-20.0,0.0,0.0,601.0,1292.0,200.0,267.0,267.0,9999.0,9999.0,65.0
Crumbling Farum Azula,Beast Clergyman [Boss],Beast Clergyman,0.0,10620.0,120.0,120.0,120.0,120.0,120.0,120.0,120.0,120.0,35.0,35.0,35.0,35.0,40.0,40.0,40.0,80.0,351.0,351.0,574.0,574.0,2277.0,9999.0,9999.0,80.0
Crumbling Farum Azula,Dragonlord Placidusax [Boss],Dragonlord Placidusax,0.0,26651.0,121.0,121.0,121.0,121.0,121.0,121.0,121.0,121.0,35.0,35.0,35.0,10.0,40.0,40.0,40.0,40.0,1349.0,1349.0,1349.0,1349.0,9999.0,9999.0,9999.0,160.0
Crumbling Farum Azula,Godskin Apostle [Boss],Godskin Apostle,0.0,6668.0,118.0,118.0,118.0,118.0,118.0,118.0,118.0,118.0,0.0,10.0,-10.0,0.0,20.0,40.0,20.0,40.0,345.0,345.0,251.0,345.0,251.0,9999.0,9999.0,80.0
Crumbling Farum Azula,Godskin Noble [Boss],Godskin Noble,0.0,8000.0,118.0,118.0,118.0,118.0,118.0,118.0,118.0,118.0,0.0,35.0,-10.0,0.0,20.0,40.0,20.0,40.0,345.0,345.0,251.0,345.0,251.0,9999.0,9999.0,80.0
Crumbling Farum Azula,"Maliketh, The Black Blade [Boss]","Maliketh, The Black Blade",0.0,10620.0,120.0,120.0,120.0,120.0,120.0,120.0,120.0,120.0,35.0,35.0,35.0,35.0,40.0,40.0,40.0,80.0,351.0,351.0,574.0,574.0,2277.0,9999.0,9999.0,80.0
Deathtouched Catacombs,Black Knife Assassin [Boss],Black Knife Assassin,0.0,1668.0,101.0,101.0,101.0,101.0,101.0,101.0,101.0,101.0,10.0,10.0,10.0,35.0,20.0,20.0,20.0,40.0,9999.0,9999.0,9999.0,310.0,9999.0,9999.0,9999.0,80.0
Deeproot Depths,Crucible Knight Siluria [Boss],Crucible Knight Siluria,0.0,4606.0,117.0,117.0,117.0,117.0,117.0,117.0,117.0,117.0,35.0,35.0,35.0,35.0,40.0,20.0,20.0,40.0,561.0,561.0,9999.0,561.0,561.0,9999.0,9999.0,80.0
Deeproot Depths,Lichdragon Fortissax [Boss],Lichdragon Fortissax,0.0,12903.0,114.0,114.0,114.0,114.0,114.0,114.0,114.0,114.0,35.0,35.0,35.0,10.0,40.0,40.0,80.0,80.0,552.0,552.0,552.0,552.0,9999.0,9999.0,9999.0,700.0
Divine Tower of Caelid,Godskin Apostle [Boss],Godskin Apostle,0.0,13596.0,120.0,120.0,120.0,120.0,120.0,120.0,120.0,120.0,0.0,10.0,-10.0,0.0,20.0,40.0,20.0,40.0,351.0,351.0,255.0,351.0,255.0,9999.0,9999.0,80.0
Divine Tower of East Altus,Fell Twin (Axe) [Boss],Fell Twin (Axe),0.0,6539.0,115.0,115.0,115.0,115.0,115.0,115.0,115.0,115.0,0.0,0.0,-10.0,0.0,0.0,0.0,0.0,20.0,247.0,247.0,247.0,247.0,247.0,9999.0,9999.0,65.0
Divine Tower of East Altus,Fell Twin (Curved Sword) [Boss],Fell Twin (Curved Sword),0.0,7871.0,115.0,115.0,115.0,115.0,115.0,115.0,115.0,115.0,0.0,0.0,-10.0,0.0,0.0,0.0,0.0,20.0,247.0,247.0,247.0,247.0,247.0,9999.0,9999.0,65.0
Divine Tower of West Altus,Onyx Lord [Boss],Onyx Lord,0.0,4907.0,111.0,111.0,111.0,111.0,111.0,111.0,111.0,111.0,10.0,10.0,10.0,10.0,20.0,20.0,20.0,20.0,332.0,332.0,332.0,9999.0,241.0,9999.0,9999.0,65.0
Dragonbarrow Cave,Beastman of Farum Azula (Cleaver) [Boss],Beastman of Farum Azula (Cleaver),0.0,8306.0,120.0,120.0,120.0,120.0,120.0,120.0,120.0,120.0,0.0,0.0,-10.0,0.0,0.0,-20.0,20.0,0.0,255.0,255.0,351.0,351.0,191.0,9999.0,9999.0,65.0
Dragonbarrow Cave,Beastman of Farum Azula (Throwing Knife) [Boss],Beastman of Farum Azula (Throwing Knife),0.0,3344.0,120.0,120.0,120.0,120.0,120.0,120.0,120.0,120.0,0.0,0.0,-10.0,0.0,0.0,-20.0,20.0,0.0,255.0,255.0,351.0,351.0,191.0,9999.0,9999.0,30.0
Earthbore Cave,Runebear [Boss],Runebear,0.0,3311.0,102.0,102.0,102.0,102.0,102.0,102.0,102.0,102.0,0.0,0.0,-10.0,0.0,30.0,-20.0,0.0,0.0,313.0,313.0,512.0,512.0,170.0,9999.0,9999.0,80.0
Gael Tunnel,Magma Wyrm [Boss],Magma Wyrm,0.0,7141.0,109.0,109.0,109.0,109.0,109.0,109.0,109.0,109.0,10.0,10.0,35.0,10.0,40.0,80.0,40.0,40.0,534.0,534.0,534.0,1150.0,237.0,9999.0,9999.0,120.0
Gaol Cave,Frenzied Duelist [Boss],Frenzied Duelist,0.0,3079.0,109.0,109.0,109.0,109.0,109.0,109.0,109.0,109.0,0.0,0.0,-10.0,0.0,0.0,0.0,0.0,0.0,237.0,237.0,178.0,237.0,237.0,9999.0,9999.0,65.0
Gelmir Hero's Grave,Red Wolf of the Champion [Boss],Red Wolf of the Champion,0.0,3162.0,111.0,111.0,111.0,111.0,111.0,111.0,111.0,111.0,0.0,0.0,-10.0,0.0,40.0,20.0,20.0,20.0,332.0,332.0,543.0,543.0,332.0,9999.0,9999.0,120.0
Giant-Conquering Hero's Grave,Ancient Hero of Zamor [Boss],Ancient Hero of Zamor,0.0,6868.0,115.0,115.0,115.0,115.0,115.0,115.0,115.0,115.0,10.0,10.0,10.0,0.0,0.0,-20.0,-20.0,0.0,340.0,340.0,556.0,1197.0,247.0,9999.0,9999.0,80.0
Giants' Mountaintop Catacombs,Ulcerated Tree Spirit [Boss],Ulcerated Tree Spirit,0.0,13141.0,115.0,115.0,115.0,115.0,115.0,115.0,115.0,115.0,0.0,0.0,0.0,0.0,20.0,-20.0,20.0,40.0,556.0,556.0,556.0,247.0,9999.0,9999.0,9999.0,120.0
Greyoll's Dragonbarrow - Bestial Sanctum,Black Blade Kindred (Twinblade) [Boss],Black Blade Kindred (Twinblade),0.0,12297.0,121.0,121.0,121.0,121.0,121.0,121.0,121.0,121.0,10.0,0.0,35.0,35.0,20.0,40.0,40.0,80.0,9999.0,9999.0,9999.0,9999.0,9999.0,9999.0,9999.0,110.0
Greyoll's Dragonbarrow - Isolated Merchant's Shack,Bell Bearing Hunter [Boss],Bell Bearing Hunter,0.0,10619.0,121.0,121.0,121.0,121.0,121.0,121.0,121.0,121.0,35.0,35.0,35.0,10.0,40.0,40.0,20.0,40.0,383.0,383.0,627.0,627.0,383.0,9999.0,9999.0,80.0
"Greyoll's Dragonbarrow - Minor Erdtree, Dragonbarrow Cave Entrance",Putrid Avatar [Boss],Putrid Avatar,0.0,12297.0,121.0,121.0,121.0,121.0,121.0,121.0,121.0,121.0,10.0,0.0,10.0,10.0,20.0,-100.0,20.0,40.0,9999.0,9999.0,9999.0,383.0,9999.0,9999.0,9999.0,120.0
"Greyoll's Dragonbarrow - Southeast Farum Greatbridge, Lenne's Rise",Flying Dragon Greyll [Boss],Flying Dragon Greyll,0.0,11550.0,121.0,121.0,121.0,121.0,121.0,121.0,121.0,121.0,35.0,35.0,35.0,10.0,40.0,40.0,40.0,40.0,627.0,627.0,627.0,627.0,9999.0,9999.0,9999.0,120.0
"Greyoll's Dragonbarrow - Southeast Farum Greatbridge, Lenne's Rise",Night's Cavalry (Glaive) [Boss],Night's Cavalry (Glaive),0.0,7089.0,121.0,121.0,121.0,121.0,121.0,121.0,121.0,121.0,35.0,35.0,35.0,10.0,40.0,40.0,20.0,40.0,383.0,383.0,627.0,627.0,9999.0,9999.0,9999.0,80.0
Groveside Cave,Beastman of Farum Azula [Boss],Beastman of Farum Azula,0.0,1417.0,101.0,101.0,101.0,101.0,101.0,101.0,101.0,101.0,0.0,0.0,-10.0,0.0,0.0,-20.0,20.0,0.0,226.0,226.0,310.0,310.0,169.0,9999.0,9999.0,65.0
Highroad Cave,Guardian Golem [Boss],Guardian Golem,0.0,5974.0,101.0,101.0,101.0,101.0,101.0,101.0,101.0,101.0,10.0,0.0,10.0,10.0,20.0,40.0,40.0,40.0,9999.0,9999.0,9999.0,9999.0,9999.0,9999.0,9999.0,292.969
Impaler's Catacombs,Burial Watchdog (Sword) [Boss],Burial Watchdog (Sword),0.0,1347.0,102.0,102.0,102.0,102.0,102.0,102.0,102.0,102.0,35.0,10.0,35.0,35.0,40.0,40.0,40.0,40.0,9999.0,9999.0,9999.0,9999.0,9999.0,9999.0,9999.0,80.0
Lakeside Crystal Cave,Bloodhound Knight [Boss],Bloodhound Knight,0.0,1985.0,107.0,107.0,107.0,107.0,107.0,107.0,107.0,107.0,10.0,10.0,10.0,0.0,0.0,0.0,-20.0,0.0,324.0,324.0,324.0,324.0,235.0,9999.0,9999.0,65.0
"Leyndell, Ashen Capital","Godfrey, First Elden Lord [Boss]","Godfrey, First Elden Lord",0.0,11831.0,120.0,120.0,120.0,120.0,120.0,120.0,120.0,120.0,10.0,10.0,10.0,0.0,20.0,20.0,0.0,40.0,367.0,367.0,601.0,601.0,601.0,9999.0,9999.0,120.0
"Leyndell, Ashen Capital",Hoarah Loux [Boss],Hoarah Loux,0.0,21903.0,120.0,120.0,120.0,120.0,120.0,120.0,120.0,120.0,0.0,0.0,-10.0,0.0,0.0,0.0,0.0,40.0,367.0,367.0,601.0,601.0,1292.0,9999.0,9999.0,120.0
"Leyndell, Royal Capital","Godfrey, First Elden Lord [Boss]","Godfrey, First Elden Lord",0.0,7099.0,114.0,114.0,114.0,114.0,114.0,114.0,114.0,114.0,10.0,10.0,10.0,0.0,20.0,20.0,0.0,40.0,9999.0,9999.0,9999.0,9999.0,552.0,9999.0,9999.0,120.0
"Leyndell, Royal Capital","Morgott, the Omen King [Boss]","Morgott, the Omen King",0.0,10399.0,114.0,114.0,114.0,114.0,114.0,114.0,114.0,114.0,0.0,0.0,-10.0,0.0,0.0,0.0,0.0,40.0,337.0,337.0,337.0,337.0,552.0,9999.0,9999.0,80.0
"Limgrave - Agheel Lake North, Murkwater Cave Entrance",Night's Cavalry (Glaive) [Boss],Night's Cavalry (Glaive),0.0,1665.0,103.0,103.0,103.0,103.0,103.0,103.0,103.0,103.0,35.0,35.0,35.0,10.0,40.0,40.0,20.0,40.0,316.0,316.0,517.0,517.0,9999.0,9999.0,9999.0,80.0
"Limgrave - Agheel Lake South, Forlorn Hound Evergaol",Bloodhound Knight Darriwill [Boss],Bloodhound Knight Darriwill,0.0,1450.0,103.0,103.0,103.0,103.0,103.0,103.0,103.0,103.0,10.0,10.0,10.0,0.0,0.0,0.0,-20.0,0.0,316.0,316.0,316.0,316.0,229.0,9999.0,9999.0,65.0
"Limgrave - Church of Elleh, Stranded Graveyard Exit",Tree Sentinel [Boss],Tree Sentinel,0.0,2889.0,103.0,103.0,103.0,103.0,103.0,103.0,103.0,103.0,10.0,10.0,35.0,10.0,20.0,40.0,0.0,40.0,316.0,316.0,517.0,517.0,316.0,9999.0,9999.0,80.0
Limgrave - Dragon-Burnt Ruins,Flying Dragon Agheel [Boss],Flying Dragon Agheel,0.0,3200.0,106.0,106.0,106.0,106.0,106.0,106.0,106.0,106.0,35.0,35.0,35.0,10.0,40.0,40.0,40.0,40.0,526.0,526.0,526.0,526.0,9999.0,9999.0,9999.0,120.0
"Limgrave - Gatefront, Stormhill Evergaol, Groveside Cave Entrance, Limgrave Tunnels Entrance",Crucible Knight (Greatsword) [Boss],Crucible Knight (Greatsword),0.0,2782.0,103.0,103.0,103.0,103.0,103.0,103.0,103.0,103.0,35.0,35.0,35.0,35.0,40.0,20.0,20.0,40.0,517.0,517.0,9999.0,517.0,517.0,9999.0,9999.0,80.0
Limgrave - Summonwater Village,Tibia Mariner [Boss],Tibia Mariner,0.0,3176.0,103.0,103.0,103.0,103.0,103.0,103.0,103.0,103.0,10.0,-40.0,10.0,35.0,20.0,20.0,40.0,-40.0,9999.0,316.0,9999.0,9999.0,9999.0,9999.0,9999.0,80.0
Limgrave - Waypoint Ruins,Mad Pumpkin Head (Flail) [Boss],Mad Pumpkin Head (Flail),0.0,1328.0,101.0,101.0,101.0,101.0,101.0,101.0,101.0,101.0,0.0,10.0,-10.0,0.0,0.0,0.0,-20.0,0.0,226.0,226.0,169.0,169.0,310.0,9999.0,9999.0,65.0
Limgrave Tunnels,Stonedigger Troll [Boss],Stonedigger Troll,0.0,1295.0,101.0,101.0,101.0,101.0,101.0,101.0,101.0,101.0,35.0,10.0,35.0,35.0,0.0,20.0,20.0,0.0,508.0,310.0,310.0,310.0,40.0,9999.0,9999.0,45.0
"Liurnia of the Lakes - Behind Caria Manor, Royal Grave Evergaol, Part of Ravine",Onyx Lord [Boss],Onyx Lord,0.0,4058.0,110.0,110.0,110.0,110.0,110.0,110.0,110.0,110.0,10.0,10.0,10.0,10.0,20.0,20.0,20.0,20.0,329.0,329.0,329.0,9999.0,239.0,9999.0,9999.0,65.0
Liurnia of the Lakes - Caria Manor,Royal Knight Loretta [Boss],Royal Knight Loretta,0.0,4214.0,107.0,107.0,107.0,107.0,107.0,107.0,107.0,107.0,10.0,10.0,10.0,10.0,40.0,40.0,0.0,20.0,9999.0,9999.0,9999.0,9999.0,9999.0,9999.0,9999.0,80.0
Liurnia of the Lakes - Church of Vows,Bell Bearing Hunter [Boss],Bell Bearing Hunter,0.0,4050.0,110.0,110.0,110.0,110.0,110.0,110.0,110.0,110.0,35.0,35.0,35.0,10.0,40.0,40.0,20.0,40.0,329.0,329.0,539.0,539.0,329.0,9999.0,9999.0,80.0
"Liurnia of the Lakes - Cuckoo's Evergaol, West of Meeting Place","Bols, Carian Knight [Boss]","Bols, Carian Knight",0.0,5109.0,110.0,110.0,110.0,110.0,110.0,110.0,110.0,110.0,0.0,0.0,-10.0,0.0,20.0,0.0,0.0,0.0,239.0,239.0,239.0,329.0,42.0,9999.0,9999.0,65.0
Liurnia of the Lakes - Gate Town Northwest,Death Rite Bird [Boss],Death Rite Bird,0.0,6577.0,110.0,110.0,110.0,110.0,110.0,110.0,110.0,110.0,10.0,-40.0,10.0,35.0,20.0,20.0,40.0,-40.0,9999.0,539.0,9999.0,9999.0,9999.0,9999.0,9999.0,120.0
"Liurnia of the Lakes - Jarburg, Divine Tower of Liurnia Entrance",Tibia Mariner [Boss],Tibia Mariner,0.0,5155.0,110.0,110.0,110.0,110.0,110.0,110.0,110.0,110.0,10.0,-40.0,10.0,35.0,20.0,20.0,40.0,-40.0,9999.0,329.0,9999.0,9999.0,9999.0,9999.0,9999.0,80.0
Liurnia of the Lakes - Liurnia Highway Far North,Night's Cavalry [Boss],Night's Cavalry,0.0,2704.0,110.0,110.0,110.0,110.0,110.0,110.0,110.0,110.0,35.0,35.0,35.0,10.0,40.0,40.0,20.0,40.0,329.0,329.0,539.0,539.0,9999.0,9999.0,9999.0,80.0
"Liurnia of the Lakes - Meeting Place, Academy Crystal Cave Entrance",Glintstone Dragon Smarag [Boss],Glintstone Dragon Smarag,0.0,6069.0,113.0,113.0,113.0,113.0,113.0,113.0,113.0,113.0,35.0,35.0,35.0,10.0,80.0,40.0,40.0,40.0,548.0,548.0,548.0,548.0,9999.0,9999.0,9999.0,120.0
"Liurnia of the Lakes - Minor Erdtree, Road's End Catacombs Entrance",Erdtree Avatar [Boss],Erdtree Avatar,0.0,4690.0,110.0,110.0,110.0,110.0,110.0,110.0,110.0,110.0,10.0,0.0,10.0,10.0,20.0,-40.0,20.0,40.0,329.0,329.0,9999.0,239.0,9999.0,9999.0,9999.0,120.0
"Liurnia of the Lakes - Northern Liurnia Lake Shore, Kingsrealm Ruins",Royal Revenant [Boss],Royal Revenant,0.0,3077.0,107.0,107.0,107.0,107.0,107.0,107.0,107.0,107.0,0.0,0.0,-10.0,0.0,0.0,0.0,0.0,40.0,324.0,324.0,324.0,324.0,9999.0,9999.0,9999.0,70.0
"Liurnia of the Lakes - Ranni's Rise, Seluvis's Rise",Glintstone Dragon Adula [Boss],Glintstone Dragon Adula,0.0,4405.0,110.0,110.0,110.0,110.0,110.0,110.0,110.0,110.0,35.0,35.0,35.0,10.0,80.0,40.0,40.0,40.0,539.0,539.0,539.0,539.0,9999.0,9999.0,9999.0,120.0
"Liurnia of the Lakes - Scenic Isle, Laskyar Ruins",Death Rite Bird [Boss],Death Rite Bird,0.0,5588.0,110.0,110.0,110.0,110.0,110.0,110.0,110.0,110.0,10.0,-40.0,10.0,35.0,20.0,20.0,40.0,-40.0,9999.0,539.0,9999.0,9999.0,9999.0,9999.0,9999.0,120.0
Liurnia of the Lakes - Village of the Albinaurics; Moonlight Altar - Moonfolk Ruins,Glintstone Dragon Adula [Boss],Glintstone Dragon Adula,0.0,11550.0,121.0,121.0,121.0,121.0,121.0,121.0,121.0,121.0,35.0,35.0,35.0,10.0,80.0,40.0,40.0,40.0,627.0,627.0,627.0,627.0,9999.0,9999.0,9999.0,120.0
Minor Erdtree Catacombs,Burial Watchdog (Scepter) [Boss],Burial Watchdog (Scepter),0.0,2531.0,109.0,109.0,109.0,109.0,109.0,109.0,109.0,109.0,35.0,10.0,35.0,35.0,40.0,40.0,40.0,40.0,9999.0,9999.0,9999.0,9999.0,9999.0,9999.0,9999.0,80.0
Minor Erdtree Catacombs,Burial Watchdog (Sword) [Boss],Burial Watchdog (Sword),0.0,2531.0,109.0,109.0,109.0,109.0,109.0,109.0,109.0,109.0,35.0,10.0,35.0,35.0,40.0,40.0,40.0,40.0,9999.0,9999.0,9999.0,9999.0,9999.0,9999.0,9999.0,80.0
Miquella's Haligtree,"Loretta, Knight of the Haligtree [Boss]","Loretta, Knight of the Haligtree",0.0,13397.0,122.0,122.0,122.0,122.0,122.0,122.0,122.0,122.0,10.0,10.0,10.0,10.0,40.0,40.0,0.0,20.0,399.0,399.0,653.0,653.0,399.0,9999.0,9999.0,80.0
Miquella's Haligtree,"Malenia, Blade of Miquella [Boss]","Malenia, Blade of Miquella",0.0,18473.0,123.0,123.0,123.0,123.0,123.0,123.0,123.0,123.0,10.0,10.0,10.0,10.0,20.0,0.0,20.0,40.0,1481.0,1481.0,420.0,306.0,688.0,9999.0,9999.0,80.0
Miquella's Haligtree,"Malenia, Goddess of Rot [Boss]","Malenia, Goddess of Rot",0.0,18473.0,123.0,123.0,123.0,123.0,123.0,123.0,123.0,123.0,10.0,10.0,10.0,10.0,20.0,0.0,20.0,40.0,1481.0,1481.0,420.0,306.0,688.0,9999.0,9999.0,80.0
Mohgwyn Palace,"Mohg, Lord of Blood [Boss]","Mohg, Lord of Blood",0.0,18389.0,122.0,122.0,122.0,122.0,122.0,122.0,122.0,122.0,10.0,10.0,10.0,10.0,40.0,80.0,40.0,40.0,653.0,653.0,290.0,653.0,1406.0,9999.0,9999.0,110.0
Moonlight Altar - Cathedral of Manus Celes,Omenkiller [Boss],Omenkiller,0.0,2306.0,110.0,110.0,110.0,110.0,110.0,110.0,110.0,110.0,0.0,0.0,0.0,0.0,20.0,40.0,20.0,20.0,539.0,539.0,239.0,239.0,179.0,9999.0,9999.0,75.0
Moonlight Altar - Ringleader's Evergaol,"Alecto, Black Knife Ringleader [Boss]","Alecto, Black Knife Ringleader",0.0,17482.0,120.0,120.0,120.0,120.0,120.0,120.0,120.0,120.0,10.0,10.0,10.0,35.0,20.0,20.0,20.0,40.0,9999.0,9999.0,9999.0,351.0,9999.0,9999.0,9999.0,80.0
Morne Tunnel,Scaly Misbegotten [Boss],Scaly Misbegotten,0.0,1360.0,102.0,102.0,102.0,102.0,102.0,102.0,102.0,102.0,0.0,0.0,10.0,-10.0,0.0,-20.0,0.0,0.0,227.0,227.0,227.0,227.0,227.0,9999.0,9999.0,65.0
Mountaintops of the Giants - Before Grand Lift of Rold,Black Blade Kindred (Greatsword) [Boss],Black Blade Kindred (Greatsword),0.0,8452.0,115.0,115.0,115.0,115.0,115.0,115.0,115.0,115.0,10.0,0.0,35.0,35.0,20.0,40.0,40.0,80.0,9999.0,9999.0,9999.0,9999.0,9999.0,9999.0,9999.0,110.0
Mountaintops of the Giants - Forbidden Lands Midway,Night's Cavalry (Glaive) [Boss],Night's Cavalry (Glaive),0.0,6602.0,118.0,118.0,118.0,118.0,118.0,118.0,118.0,118.0,35.0,35.0,35.0,10.0,40.0,40.0,20.0,40.0,345.0,345.0,565.0,565.0,9999.0,9999.0,9999.0,80.0
"Mountaintops of the Giants - Shack of the Lofty; Consecrated Snowfield - Minor Erdtree, Albinauric Rise, Cave of the Forlorn Entrance",Great Wyrm Theodorix [Boss],Great Wyrm Theodorix,0.0,25649.0,122.0,122.0,122.0,122.0,122.0,122.0,122.0,122.0,10.0,10.0,35.0,10.0,40.0,80.0,40.0,40.0,653.0,653.0,653.0,1406.0,290.0,9999.0,9999.0,120.0
"Mountaintops of the Giants - South Castle Sol, Snow Valley Ruins Overlook",Commander Niall [Boss],Commander Niall,0.0,15541.0,117.0,117.0,117.0,117.0,117.0,117.0,117.0,117.0,10.0,10.0,35.0,0.0,20.0,20.0,20.0,20.0,343.0,343.0,343.0,343.0,343.0,9999.0,9999.0,90.0
Mountaintops of the Giants - West of Castle Sol; Consecrated Snowfield - North of Minor Erdtree,Death Rite Bird [Boss],Death Rite Bird,0.0,16059.0,118.0,118.0,118.0,118.0,118.0,118.0,118.0,118.0,10.0,-40.0,10.0,35.0,20.0,20.0,40.0,-40.0,9999.0,565.0,9999.0,9999.0,9999.0,9999.0,9999.0,120.0
Mountaintops of the Giants - West of Castle Sol; Consecrated Snowfield - North of Minor Erdtree,Putrid Avatar [Boss],Putrid Avatar,0.0,12569.0,122.0,122.0,122.0,122.0,122.0,122.0,122.0,122.0,10.0,0.0,10.0,10.0,20.0,-100.0,20.0,40.0,9999.0,9999.0,9999.0,399.0,9999.0,9999.0,9999.0,120.0
"Mountaintops of the Giants - Whiteridge Road, Minor Erdtree",Erdtree Avatar [Boss],Erdtree Avatar,0.0,11452.0,118.0,118.0,118.0,118.0,118.0,118.0,118.0,118.0,10.0,0.0,10.0,10.0,20.0,-40.0,20.0,40.0,345.0,345.0,9999.0,251.0,9999.0,9999.0,9999.0,120.0
"Mt. Gelmir - Minor Erdtree, Seethewater Cave Entrance",Ulcerated Tree Spirit [Boss],Ulcerated Tree Spirit,0.0,11191.0,114.0,114.0,114.0,114.0,114.0,114.0,114.0,114.0,0.0,0.0,0.0,0.0,20.0,-20.0,20.0,40.0,552.0,552.0,552.0,245.0,9999.0,9999.0,9999.0,120.0
"Mt. Gelmir - Ninth Mt. Gelmir Campsite, Road of Iniquity, Volcano Manor Entrance",Full-Grown Fallingstar Beast [Boss],Full-Grown Fallingstar Beast,0.0,13010.0,114.0,114.0,114.0,114.0,114.0,114.0,114.0,114.0,35.0,35.0,35.0,35.0,20.0,20.0,20.0,20.0,552.0,552.0,9999.0,9999.0,9999.0,9999.0,9999.0,100.0
"Mt. Gelmir - Primeval Sorcerer Azur, Gelmir Hero's Grave Entrance",Demi-Human Queen [Boss],Demi-Human Queen,0.0,7515.0,114.0,114.0,114.0,114.0,114.0,114.0,114.0,114.0,0.0,0.0,-10.0,0.0,0.0,-20.0,0.0,0.0,184.0,184.0,245.0,245.0,245.0,9999.0,9999.0,80.0
Mt. Gelmir - Seethewater Terminus,Magma Wyrm [Boss],Magma Wyrm,0.0,12243.0,114.0,114.0,114.0,114.0,114.0,114.0,114.0,114.0,10.0,10.0,35.0,10.0,40.0,100.0,40.0,40.0,552.0,552.0,552.0,1188.0,245.0,9999.0,9999.0,120.0
Murkwater Catacombs,Grave Warden Duelist [Boss],Grave Warden Duelist,0.0,2190.0,101.0,101.0,101.0,101.0,101.0,101.0,101.0,101.0,0.0,0.0,-10.0,0.0,0.0,0.0,0.0,0.0,226.0,226.0,169.0,226.0,226.0,9999.0,9999.0,65.0
"Nokron, Eternal City - Boss",Ancestor Spirit [Boss],Ancestor Spirit,0.0,6301.0,111.0,111.0,111.0,111.0,111.0,111.0,111.0,111.0,0.0,0.0,-10.0,0.0,20.0,-20.0,0.0,-20.0,1169.0,1169.0,1169.0,1169.0,9999.0,9999.0,9999.0,120.0
Northeast Mountaintops,Borealis the Freezing Fog [Boss],Borealis the Freezing Fog,0.0,11268.0,120.0,120.0,120.0,120.0,120.0,120.0,120.0,120.0,35.0,10.0,80.0,80.0,40.0,40.0,40.0,40.0,601.0,601.0,601.0,1292.0,9999.0,9999.0,9999.0,120.0
Old Altus Tunnel,Stonedigger Troll [Boss],Stonedigger Troll,0.0,3050.0,110.0,110.0,110.0,110.0,110.0,110.0,110.0,110.0,35.0,10.0,35.0,35.0,0.0,20.0,20.0,0.0,539.0,329.0,329.0,329.0,42.0,9999.0,9999.0,45.0
Perfumer's Grotto,Miranda the Blighted Bloom [Boss],Miranda the Blighted Bloom,0.0,5212.0,110.0,110.0,110.0,110.0,110.0,110.0,110.0,110.0,0.0,35.0,-40.0,0.0,0.0,-40.0,40.0,40.0,1159.0,539.0,539.0,134.0,239.0,9999.0,9999.0,100.0
Perfumer's Grotto,Omenkiller [Boss],Omenkiller,0.0,2306.0,110.0,110.0,110.0,110.0,110.0,110.0,110.0,110.0,0.0,0.0,0.0,0.0,20.0,40.0,20.0,20.0,539.0,539.0,239.0,239.0,179.0,9999.0,9999.0,75.0
Raya Lucaria Crystal Tunnel,Crystalian (Ringblade) [Boss],Crystalian (Ringblade),0.0,1595.0,107.0,107.0,107.0,107.0,107.0,107.0,107.0,107.0,91.0,10.0,93.5,93.5,94.0,94.0,94.0,94.0,530.0,530.0,9999.0,530.0,9999.0,9999.0,9999.0,70.0
Raya Lucaria Crystal Tunnel,Crystalian (Ringblade) [Boss] [Cracked],Crystalian (Ringblade) [Cracked],0.0,1595.0,107.0,107.0,107.0,107.0,107.0,107.0,107.0,107.0,10.0,10.0,35.0,35.0,40.0,40.0,40.0,40.0,530.0,530.0,9999.0,530.0,9999.0,9999.0,9999.0,70.0
Road's End Catacombs,Spiritcaller Snail [Boss],Spiritcaller Snail,0.0,1722.0,107.0,107.0,107.0,107.0,107.0,107.0,107.0,107.0,-10.0,-10.0,-40.0,-10.0,40.0,0.0,-20.0,0.0,176.0,176.0,176.0,132.0,132.0,9999.0,9999.0,60.0
Ruin-Strewn Precipice,Magma Wyrm Makar [Boss],Magma Wyrm Makar,0.0,7141.0,109.0,109.0,109.0,109.0,109.0,109.0,109.0,109.0,10.0,10.0,35.0,10.0,40.0,80.0,40.0,40.0,534.0,534.0,534.0,1150.0,237.0,9999.0,9999.0,120.0
Sage's Cave,Black Knife Assassin [Boss],Black Knife Assassin,0.0,3929.0,110.0,110.0,110.0,110.0,110.0,110.0,110.0,110.0,10.0,10.0,10.0,35.0,20.0,20.0,20.0,40.0,9999.0,9999.0,9999.0,9999.0,9999.0,9999.0,9999.0,80.0
Sainted Hero's Grave,Ancient Hero of Zamor [Boss],Ancient Hero of Zamor,0.0,3811.0,110.0,110.0,110.0,110.0,110.0,110.0,110.0,110.0,10.0,10.0,10.0,0.0,0.0,-20.0,-20.0,0.0,329.0,329.0,539.0,1159.0,239.0,9999.0,9999.0,80.0
Seethewater Cave,Kindred of Rot [Boss],Kindred of Rot,0.0,2034.0,111.0,111.0,111.0,111.0,111.0,111.0,111.0,111.0,0.0,0.0,10.0,0.0,0.0,-20.0,0.0,0.0,543.0,543.0,181.0,181.0,181.0,9999.0,9999.0,30.0
Seethewater Cave,Kindred of Rot [Boss],Kindred of Rot,0.0,2034.0,111.0,111.0,111.0,111.0,111.0,111.0,111.0,111.0,0.0,0.0,10.0,0.0,0.0,-20.0,0.0,0.0,543.0,543.0,181.0,181.0,181.0,9999.0,9999.0,30.0
Sellia Crystal Tunnel,Fallingstar Beast [Boss],Fallingstar Beast,0.0,4554.0,109.0,109.0,109.0,109.0,109.0,109.0,109.0,109.0,35.0,35.0,35.0,35.0,20.0,20.0,20.0,20.0,534.0,534.0,9999.0,9999.0,9999.0,9999.0,9999.0,100.0
Sellia Hideaway,Putrid Crystalian (Ringblade) [Boss],Putrid Crystalian (Ringblade),0.0,3358.0,109.0,109.0,109.0,109.0,109.0,109.0,109.0,109.0,91.0,10.0,93.5,93.5,94.0,94.0,94.0,94.0,1150.0,9999.0,9999.0,534.0,9999.0,9999.0,9999.0,70.0
Sellia Hideaway,Putrid Crystalian (Ringblade) [Boss] [Cracked],Putrid Crystalian (Ringblade) [Cracked],0.0,3358.0,109.0,109.0,109.0,109.0,109.0,109.0,109.0,109.0,10.0,10.0,35.0,35.0,40.0,40.0,40.0,40.0,1150.0,9999.0,9999.0,534.0,9999.0,9999.0,9999.0,70.0
Sellia Hideaway,Putrid Crystalian (Spear) [Boss],Putrid Crystalian (Spear),0.0,3358.0,109.0,109.0,109.0,109.0,109.0,109.0,109.0,109.0,91.0,10.0,93.5,93.5,94.0,94.0,94.0,94.0,1150.0,9999.0,9999.0,534.0,9999.0,9999.0,9999.0,70.0
Sellia Hideaway,Putrid Crystalian (Spear) [Boss] [Cracked],Putrid Crystalian (Spear) [Cracked],0.0,3358.0,109.0,109.0,109.0,109.0,109.0,109.0,109.0,109.0,10.0,10.0,35.0,35.0,40.0,40.0,40.0,40.0,1150.0,9999.0,9999.0,534.0,9999.0,9999.0,9999.0,70.0
Sellia Hideaway,Putrid Crystalian (Staff) [Boss],Putrid Crystalian (Staff),0.0,3358.0,109.0,109.0,109.0,109.0,109.0,109.0,109.0,109.0,91.0,10.0,93.5,93.5,94.0,94.0,94.0,94.0,1150.0,9999.0,9999.0,534.0,9999.0,9999.0,9999.0,70.0
Sellia Hideaway,Putrid Crystalian (Staff) [Boss] [Cracked],Putrid Crystalian (Staff) [Cracked],0.0,3358.0,109.0,109.0,109.0,109.0,109.0,109.0,109.0,109.0,10.0,10.0,35.0,35.0,40.0,40.0,40.0,40.0,1150.0,9999.0,9999.0,534.0,9999.0,9999.0,9999.0,70.0
Siofra River,Dragonkin Soldier [Boss],Dragonkin Soldier,0.0,5758.0,114.0,114.0,114.0,114.0,114.0,114.0,114.0,114.0,10.0,10.0,0.0,10.0,20.0,20.0,40.0,20.0,552.0,552.0,552.0,1188.0,9999.0,9999.0,9999.0,120.0
Siofra River,Valiant Gargoyle (Greatsword) [Boss],Valiant Gargoyle (Greatsword),0.0,5671.0,111.0,111.0,111.0,111.0,111.0,111.0,111.0,111.0,10.0,0.0,35.0,35.0,20.0,40.0,40.0,40.0,9999.0,9999.0,9999.0,9999.0,9999.0,9999.0,9999.0,110.0
Siofra River,Valiant Gargoyle (Twinblade) [Boss],Valiant Gargoyle (Twinblade),0.0,5671.0,111.0,111.0,111.0,111.0,111.0,111.0,111.0,111.0,10.0,0.0,35.0,35.0,20.0,40.0,40.0,40.0,9999.0,9999.0,9999.0,9999.0,9999.0,9999.0,9999.0,110.0
Siofra River - Boss,Ancestor Spirit [Boss],Ancestor Spirit,0.0,4393.0,107.0,107.0,107.0,107.0,107.0,107.0,107.0,107.0,0.0,0.0,-10.0,0.0,20.0,-20.0,0.0,-20.0,1140.0,1140.0,1140.0,1140.0,9999.0,9999.0,9999.0,120.0
Southeast Caelid,Starscourge Radahn [Boss],Starscourge Radahn,0.0,9572.0,113.0,113.0,113.0,113.0,113.0,113.0,113.0,113.0,10.0,10.0,10.0,0.0,20.0,20.0,20.0,40.0,334.0,243.0,334.0,334.0,548.0,9999.0,9999.0,200.0
Southeast Mountaintops,Fire Giant [Boss],Fire Giant,0.0,22898.0,118.0,118.0,118.0,118.0,118.0,118.0,118.0,118.0,0.0,0.0,-10.0,0.0,0.0,50.0,0.0,20.0,565.0,565.0,565.0,1216.0,565.0,9999.0,9999.0,120.0
Southeast Mountaintops,Fire Giant [Boss],Fire Giant,0.0,43263.0,118.0,118.0,118.0,118.0,118.0,118.0,118.0,118.0,0.0,0.0,-10.0,0.0,0.0,50.0,0.0,20.0,565.0,565.0,565.0,1216.0,565.0,9999.0,9999.0,120.0
Southwest Mountaintops,Night's Cavalry (Flail) [Boss],Night's Cavalry (Flail),0.0,7246.0,122.0,122.0,122.0,122.0,122.0,122.0,122.0,122.0,35.0,35.0,35.0,10.0,40.0,40.0,20.0,40.0,399.0,399.0,653.0,653.0,9999.0,9999.0,9999.0,80.0
Southwest Mountaintops,Night's Cavalry (Glaive) [Boss],Night's Cavalry (Glaive),0.0,7246.0,122.0,122.0,122.0,122.0,122.0,122.0,122.0,122.0,35.0,35.0,35.0,10.0,40.0,40.0,20.0,40.0,399.0,399.0,653.0,653.0,9999.0,9999.0,9999.0,80.0
Spiritcaller Cave,Godskin Apostle [Boss],Godskin Apostle,0.0,9847.0,115.0,115.0,115.0,115.0,115.0,115.0,115.0,115.0,0.0,10.0,-10.0,0.0,20.0,40.0,20.0,40.0,9999.0,9999.0,9999.0,9999.0,247.0,9999.0,9999.0,80.0
Spiritcaller Cave,Godskin Noble [Boss],Godskin Noble,0.0,11814.0,115.0,115.0,115.0,115.0,115.0,115.0,115.0,115.0,0.0,35.0,-10.0,0.0,20.0,40.0,20.0,40.0,9999.0,9999.0,9999.0,9999.0,247.0,9999.0,9999.0,80.0
Spiritcaller Cave,Spiritcaller Snail [Boss],Spiritcaller Snail,0.0,1840.0,115.0,115.0,115.0,115.0,115.0,115.0,115.0,115.0,-10.0,-10.0,-40.0,-10.0,40.0,0.0,-20.0,0.0,185.0,185.0,185.0,139.0,139.0,9999.0,9999.0,30.0
Stillwater Cave,Cleanrot Knight (Spear) [Boss],Cleanrot Knight (Spear),0.0,1980.0,107.0,107.0,107.0,107.0,107.0,107.0,107.0,107.0,10.0,10.0,35.0,0.0,20.0,-20.0,0.0,40.0,9999.0,530.0,324.0,324.0,235.0,9999.0,9999.0,65.0
Stone Platform,Elden Beast [Boss],Elden Beast,0.0,22127.0,121.0,121.0,121.0,121.0,121.0,121.0,121.0,121.0,10.0,10.0,10.0,10.0,40.0,40.0,40.0,80.0,9999.0,9999.0,9999.0,9999.0,9999.0,9999.0,9999.0,150.0
Stone Platform,Radagon of the Golden Order [Boss],Radagon of the Golden Order,0.0,13339.0,121.0,121.0,121.0,121.0,121.0,121.0,121.0,121.0,35.0,10.0,35.0,35.0,20.0,0.0,20.0,80.0,627.0,627.0,9999.0,627.0,9999.0,9999.0,9999.0,120.0
Stormfoot Catacombs,Burial Watchdog (Sword) [Boss],Burial Watchdog (Sword),0.0,1200.0,101.0,101.0,101.0,101.0,101.0,101.0,101.0,101.0,35.0,10.0,35.0,35.0,40.0,40.0,40.0,40.0,9999.0,9999.0,9999.0,9999.0,9999.0,9999.0,9999.0,80.0
"Stormhill - Warmaster's Shack, Stormgate",Bell Bearing Hunter [Boss],Bell Bearing Hunter,0.0,2495.0,103.0,103.0,103.0,103.0,103.0,103.0,103.0,103.0,35.0,35.0,35.0,10.0,40.0,40.0,20.0,40.0,316.0,316.0,517.0,517.0,316.0,9999.0,9999.0,80.0
"Stormhill - Warmaster's Shack, Stormgate",Death Rite Bird [Boss],Death Rite Bird,0.0,3442.0,103.0,103.0,103.0,103.0,103.0,103.0,103.0,103.0,10.0,-40.0,10.0,35.0,20.0,20.0,40.0,-40.0,9999.0,517.0,9999.0,9999.0,9999.0,9999.0,9999.0,120.0
Stormveil Castle,Godrick the Grafted [Boss],Godrick the Grafted,0.0,6080.0,105.0,105.0,105.0,105.0,105.0,105.0,105.0,105.0,0.0,0.0,0.0,0.0,20.0,20.0,20.0,40.0,318.0,318.0,318.0,318.0,318.0,9999.0,9999.0,105.0
Stormveil Castle,"Margit, the Fell Omen [Boss]","Margit, the Fell Omen",0.0,4174.0,103.0,103.0,103.0,103.0,103.0,103.0,103.0,103.0,0.0,0.0,-10.0,0.0,0.0,0.0,0.0,40.0,316.0,316.0,316.0,316.0,9999.0,9999.0,9999.0,80.0
Stranded Graveyard,Soldier of Godrick [Boss],Soldier of Godrick,0.0,384.0,100.0,100.0,100.0,100.0,100.0,100.0,100.0,100.0,0.0,0.0,10.0,-10.0,0.0,0.0,-20.0,0.0,168.0,168.0,224.0,224.0,224.0,9999.0,9999.0,15.0
Stranded Graveyard,Ulcerated Tree Spirit [Boss],Ulcerated Tree Spirit,0.0,6147.0,107.0,107.0,107.0,107.0,107.0,107.0,107.0,107.0,0.0,0.0,0.0,0.0,20.0,-20.0,20.0,40.0,530.0,530.0,530.0,235.0,9999.0,9999.0,9999.0,120.0
Subterranean Shunning-Grounds,"Mohg, The Omen [Boss]","Mohg, The Omen",0.0,14000.0,117.0,117.0,117.0,117.0,117.0,117.0,117.0,117.0,10.0,10.0,10.0,10.0,40.0,80.0,40.0,40.0,9999.0,9999.0,9999.0,9999.0,9999.0,9999.0,9999.0,110.0
Tombsward Catacombs,Cemetery Shade [Boss],Cemetery Shade,0.0,781.0,102.0,102.0,102.0,102.0,102.0,102.0,102.0,102.0,10.0,10.0,10.0,35.0,0.0,0.0,0.0,-20.0,9999.0,9999.0,9999.0,9999.0,9999.0,9999.0,9999.0,70.0
Tombsward Cave,Miranda the Blighted Bloom [Boss],Miranda the Blighted Bloom,0.0,2483.0,102.0,102.0,102.0,102.0,102.0,102.0,102.0,102.0,0.0,35.0,-40.0,0.0,0.0,-40.0,40.0,40.0,1102.0,512.0,512.0,128.0,227.0,9999.0,9999.0,100.0
Unsightly Catacombs,Misbegotten Warrior [Boss],Misbegotten Warrior,0.0,3569.0,110.0,110.0,110.0,110.0,110.0,110.0,110.0,110.0,10.0,10.0,0.0,10.0,20.0,0.0,20.0,20.0,329.0,329.0,329.0,329.0,329.0,9999.0,9999.0,80.0
Unsightly Catacombs,Perfumer Tricia [Boss],Perfumer Tricia,0.0,989.0,110.0,110.0,110.0,110.0,110.0,110.0,110.0,110.0,0.0,10.0,0.0,0.0,40.0,40.0,40.0,0.0,539.0,539.0,179.0,179.0,179.0,9999.0,9999.0,65.0
Volcano Cave,Demi-Human Queen [Boss],Demi-Human Queen,0.0,3971.0,111.0,111.0,111.0,111.0,111.0,111.0,111.0,111.0,0.0,0.0,-10.0,0.0,0.0,-20.0,0.0,0.0,181.0,181.0,241.0,241.0,241.0,9999.0,9999.0,80.0
Volcano Manor,Abductor Virgin (Scythe) [Boss],Abductor Virgin (Scythe),0.0,3811.0,110.0,110.0,110.0,110.0,110.0,110.0,110.0,110.0,10.0,0.0,10.0,10.0,0.0,20.0,-20.0,20.0,9999.0,9999.0,9999.0,9999.0,9999.0,9999.0,9999.0,0.0
Volcano Manor,Abductor Virgin (Wheel) [Boss],Abductor Virgin (Wheel),0.0,3811.0,110.0,110.0,110.0,110.0,110.0,110.0,110.0,110.0,10.0,0.0,10.0,10.0,0.0,20.0,-20.0,20.0,9999.0,9999.0,9999.0,9999.0,9999.0,9999.0,9999.0,0.0
Volcano Manor,God-Devouring Serpent [Boss],God-Devouring Serpent,0.0,30439.0,115.0,115.0,115.0,115.0,115.0,115.0,115.0,115.0,10.0,35.0,10.0,10.0,40.0,80.0,20.0,40.0,556.0,556.0,556.0,247.0,556.0,9999.0,9999.0,120.0
Volcano Manor,Godskin Noble [Boss],Godskin Noble,0.0,10060.0,114.0,114.0,114.0,114.0,114.0,114.0,114.0,114.0,0.0,35.0,-10.0,0.0,20.0,40.0,20.0,40.0,337.0,337.0,245.0,337.0,245.0,9999.0,9999.0,80.0
Volcano Manor,"Rykard, Lord of Blasphemy [Boss]","Rykard, Lord of Blasphemy",0.0,59174.0,115.0,115.0,115.0,115.0,115.0,115.0,115.0,115.0,10.0,35.0,10.0,10.0,40.0,80.0,20.0,40.0,556.0,556.0,556.0,247.0,556.0,9999.0,9999.0,120.0
War-Dead Catacombs,Putrid Tree Spirit [Boss],Putrid Tree Spirit,0.0,18144.0,120.0,120.0,120.0,120.0,120.0,120.0,120.0,120.0,0.0,0.0,0.0,0.0,20.0,-20.0,20.0,40.0,1235.0,1235.0,574.0,255.0,9999.0,9999.0,9999.0,120.0
Weeping Peninsula - Castle Morne Approach North,Death Rite Bird [Boss],Death Rite Bird,0.0,3769.0,105.0,105.0,105.0,105.0,105.0,105.0,105.0,105.0,10.0,-40.0,10.0,35.0,20.0,20.0,40.0,-40.0,9999.0,521.0,9999.0,9999.0,9999.0,9999.0,9999.0,120.0
Weeping Peninsula - Castle Morne Approach North,Night's Cavalry (Flail) [Boss],Night's Cavalry (Flail),0.0,1823.0,105.0,105.0,105.0,105.0,105.0,105.0,105.0,105.0,35.0,35.0,35.0,10.0,40.0,40.0,20.0,40.0,318.0,318.0,521.0,521.0,9999.0,9999.0,9999.0,80.0
"Weeping Peninsula - Minor Erdtree, Tombsward Catacombs Entrance, Morne Tunnel Entrance",Erdtree Avatar [Boss],Erdtree Avatar,0.0,3163.0,105.0,105.0,105.0,105.0,105.0,105.0,105.0,105.0,10.0,0.0,10.0,10.0,20.0,-40.0,20.0,40.0,318.0,318.0,9999.0,231.0,9999.0,9999.0,9999.0,120.0
Weeping Peninsula - Morne Moangrave,Leonine Misbegotten [Boss],Leonine Misbegotten,0.0,2199.0,103.0,103.0,103.0,103.0,103.0,103.0,103.0,103.0,10.0,10.0,0.0,10.0,20.0,0.0,20.0,20.0,316.0,316.0,316.0,316.0,316.0,9999.0,9999.0,80.0
Weeping Peninsula - Tombsward; Weeping Evergaol; Tombsward Cave Entrance,Ancient Hero of Zamor [Boss],Ancient Hero of Zamor,0.0,2570.0,105.0,105.0,105.0,105.0,105.0,105.0,105.0,105.0,10.0,10.0,10.0,0.0,0.0,-20.0,-20.0,0.0,318.0,318.0,521.0,1121.0,231.0,9999.0,9999.0,80.0
Wyndham Catacombs,Burial Watchdog (Lightning Tail) [Boss],Burial Watchdog (Lightning Tail),0.0,3419.0,111.0,111.0,111.0,111.0,111.0,111.0,111.0,111.0,35.0,10.0,35.0,35.0,40.0,40.0,40.0,40.0,9999.0,9999.0,9999.0,9999.0,9999.0,9999.0,9999.0,80.0
Yelough Anix Tunnel,"Astel, Naturalborn of the Void [Boss]","Astel, Naturalborn of the Void",0.0,4200.0,120.0,120.0,120.0,120.0,120.0,120.0,120.0,120.0,10.0,10.0,10.0,10.0,40.0,40.0,40.0,40.0,601.0,601.0,601.0,9999.0,9999.0,9999.0,9999.0,0.0
Yelough Anix Tunnel,"Astel, Stars of Darkness [Boss]","Astel, Stars of Darkness",0.0,18617.0,120.0,120.0,120.0,120.0,120.0,120.0,120.0,120.0,10.0,10.0,10.0,10.0,40.0,40.0,40.0,40.0,601.0,601.0,601.0,9999.0,9999.0,9999.0,9999.0,120.0
[DLC] Abyssal Woods,"Jori, Elder Inquisitor [Boss]","Jori, Elder Inquisitor",1.0,30506.0,124.0,124.0,124.0,124.0,124.0,124.0,124.0,124.0,10.0,10.0,-20.0,0.0,10.0,-20.0,10.0,10.0,319.0,319.0,319.0,319.0,179.0,9999.0,999.0,80.0
[DLC] Abyssal Woods,"Midra, Lord of Frenzied Flame [Boss]","Midra, Lord of Frenzied Flame",1.0,47171.0,124.0,124.0,124.0,124.0,124.0,124.0,124.0,124.0,20.0,20.0,0.0,20.0,20.0,40.0,20.0,20.0,726.0,726.0,443.0,443.0,9999.0,9999.0,9999.0,80.0
[DLC] Ancient Ruins of Rauh,Divine Beast Dancing Lion [Boss],Divine Beast Dancing Lion,1.0,32838.0,124.0,124.0,124.0,124.0,124.0,124.0,124.0,124.0,30.0,30.0,20.0,0.0,40.0,0.0,40.0,40.0,443.0,322.0,322.0,726.0,9999.0,9999.0,9999.0,120.0
[DLC] Ancient Ruins of Rauh,"Romina, Saint of the Bud [Boss]","Romina, Saint of the Bud",1.0,35798.0,124.0,124.0,124.0,124.0,124.0,124.0,124.0,124.0,20.0,20.0,40.0,20.0,20.0,0.0,20.0,20.0,9999.0,9999.0,443.0,322.0,9999.0,9999.0,9999.0,80.0
[DLC] Belurat Gaol,Demi-Human Swordmaster Onze [Boss],Demi-Human Swordmaster Onze,1.0,14883.0,121.0,121.0,121.0,121.0,121.0,121.0,121.0,121.0,0.0,0.0,-20.0,0.0,0.0,-20.0,0.0,0.0,210.0,210.0,280.0,280.0,9999.0,9999.0,9999.0,65.0
"[DLC] Belurat, Tower Settlement",Divine Beast Dancing Lion [Boss],Divine Beast Dancing Lion,1.0,22571.0,122.0,122.0,122.0,122.0,122.0,122.0,122.0,122.0,30.0,30.0,20.0,0.0,40.0,0.0,40.0,40.0,403.0,293.0,293.0,659.0,9999.0,9999.0,9999.0,120.0
[DLC] Bonny Gaol,Curseblade Labirith [Boss],Curseblade Labirith,1.0,8426.0,122.0,122.0,122.0,122.0,122.0,122.0,122.0,122.0,0.0,0.0,-20.0,0.0,0.0,0.0,0.0,0.0,294.0,294.0,294.0,294.0,165.0,9999.0,9999.0,85.0
[DLC] Castle Ensis,"Rellana, Twin Moon Knight [Boss]","Rellana, Twin Moon Knight",1.0,29723.0,123.0,123.0,123.0,123.0,123.0,123.0,123.0,123.0,20.0,20.0,40.0,0.0,40.0,25.0,0.0,20.0,296.0,296.0,407.0,407.0,296.0,9999.0,9999.0,120.0
[DLC] Cerulean Coast,Death Rite Bird [Boss],Death Rite Bird,1.0,28905.0,123.0,123.0,123.0,123.0,123.0,123.0,123.0,123.0,10.0,-40.0,10.0,35.0,20.0,20.0,40.0,-40.0,9999.0,689.0,9999.0,9999.0,9999.0,9999.0,9999.0,120.0
[DLC] Cerulean Coast,Demi-Human Queen Marigga [Boss],Demi-Human Queen Marigga,1.0,9793.0,123.0,123.0,123.0,123.0,123.0,123.0,123.0,123.0,0.0,0.0,-10.0,0.0,0.0,-20.0,0.0,0.0,222.0,222.0,296.0,296.0,296.0,9999.0,9999.0,80.0
[DLC] Cerulean Coast,Ghostflame Dragon [Boss],Ghostflame Dragon,1.0,41929.0,123.0,123.0,123.0,123.0,123.0,123.0,123.0,123.0,35.0,10.0,45.0,40.0,60.0,40.0,40.0,-10.0,9999.0,681.0,9999.0,9999.0,9999.0,9999.0,9999.0,120.0
[DLC] Enir-Ilim,Promised Consort Radahn [Boss],Promised Consort Radahn,1.0,46134.0,125.0,125.0,125.0,125.0,125.0,125.0,125.0,125.0,40.0,40.0,40.0,20.0,40.0,40.0,40.0,0.0,733.0,326.0,733.0,733.0,9999.0,9999.0,9999.0,120.0
[DLC] Enir-Ilim,"Radahn, Consort of Miquella [Boss]","Radahn, Consort of Miquella",1.0,46134.0,125.0,125.0,125.0,125.0,125.0,125.0,125.0,125.0,40.0,40.0,40.0,20.0,40.0,40.0,40.0,40.0,733.0,733.0,733.0,733.0,9999.0,9999.0,9999.0,120.0
[DLC] Finger Birthing Grounds,"Metyr, Mother of Fingers [Boss]","Metyr, Mother of Fingers",1.0,43296.0,124.0,124.0,124.0,124.0,124.0,124.0,124.0,124.0,20.0,20.0,0.0,20.0,40.0,40.0,40.0,40.0,726.0,726.0,443.0,726.0,9999.0,9999.0,9999.0,120.0
[DLC] Finger Ruins of Dheo,Fallingstar Beast [Boss],Fallingstar Beast,1.0,26679.0,124.0,124.0,124.0,124.0,124.0,124.0,124.0,124.0,35.0,35.0,35.0,35.0,20.0,20.0,20.0,20.0,726.0,726.0,9999.0,9999.0,9999.0,9999.0,9999.0,100.0
[DLC] Fog Rift Catacombs,Death Knight (Twin Axes) [Boss],Death Knight (Twin Axes),1.0,19285.0,122.0,122.0,122.0,122.0,122.0,122.0,122.0,122.0,40.0,40.0,40.0,20.0,40.0,20.0,40.0,0.0,648.0,648.0,9999.0,648.0,648.0,9999.0,9999.0,80.0
[DLC] Fog Rift Fort,Black Knight Garrew [Boss],Black Knight Garrew,1.0,19584.0,123.0,123.0,123.0,123.0,123.0,123.0,123.0,123.0,20.0,20.0,40.0,0.0,20.0,20.0,-40.0,20.0,303.0,303.0,416.0,416.0,303.0,9999.0,9999.0,65.0
[DLC] Foot of the Jagged Peak,Jagged Peak Drake [Boss],Jagged Peak Drake,1.0,31941.0,123.0,123.0,123.0,123.0,123.0,123.0,123.0,123.0,35.0,35.0,35.0,10.0,40.0,40.0,40.0,40.0,689.0,689.0,689.0,689.0,9999.0,9999.0,9999.0,120.0
[DLC] Fort of Reprimand,Black Knight Edredd [Boss],Black Knight Edredd,1.0,19584.0,123.0,123.0,123.0,123.0,123.0,123.0,123.0,123.0,20.0,20.0,40.0,0.0,20.0,20.0,-40.0,20.0,303.0,303.0,416.0,416.0,303.0,9999.0,9999.0,65.0
[DLC] Gravesite Plain,Ghostflame Dragon [Boss],Ghostflame Dragon,1.0,31518.0,122.0,122.0,122.0,122.0,122.0,122.0,122.0,122.0,35.0,10.0,45.0,40.0,60.0,40.0,40.0,-10.0,9999.0,648.0,9999.0,9999.0,9999.0,9999.0,9999.0,120.0
[DLC] Hinterland,Tree Sentinel (Shield) [Boss],Tree Sentinel (Shield),1.0,24593.0,124.0,124.0,124.0,124.0,124.0,124.0,124.0,124.0,10.0,10.0,35.0,10.0,20.0,40.0,0.0,40.0,443.0,443.0,726.0,726.0,443.0,9999.0,9999.0,80.0
[DLC] Hinterland,Tree Sentinel (Torch) [Boss],Tree Sentinel (Torch),1.0,20492.0,124.0,124.0,124.0,124.0,124.0,124.0,124.0,124.0,10.0,10.0,35.0,10.0,20.0,40.0,0.0,40.0,443.0,443.0,726.0,726.0,443.0,9999.0,9999.0,80.0
[DLC] Jagged Peak,Ancient Dragon Senessax [Boss],Ancient Dragon Senessax,1.0,45551.0,125.0,125.0,125.0,125.0,125.0,125.0,125.0,125.0,35.0,35.0,35.0,10.0,40.0,40.0,80.0,40.0,733.0,733.0,733.0,733.0,9999.0,9999.0,9999.0,600.0
[DLC] Jagged Peak,Bayle The Dread [Boss],Bayle The Dread,1.0,41612.0,125.0,125.0,125.0,125.0,125.0,125.0,125.0,125.0,35.0,35.0,35.0,10.0,40.0,40.0,40.0,40.0,744.0,744.0,744.0,744.0,9999.0,9999.0,9999.0,120.0
[DLC] Jagged Peak,Jagged Peak Drake [Boss],Jagged Peak Drake,1.0,39377.0,125.0,125.0,125.0,125.0,125.0,125.0,125.0,125.0,35.0,35.0,35.0,10.0,40.0,40.0,40.0,40.0,733.0,733.0,733.0,733.0,9999.0,9999.0,9999.0,120.0
[DLC] Rauh Base,Rugalea the Great Red Bear [Boss],Rugalea the Great Red Bear,1.0,30535.0,123.0,123.0,123.0,123.0,123.0,123.0,123.0,123.0,0.0,0.0,-10.0,0.0,0.0,-20.0,0.0,0.0,421.0,421.0,689.0,689.0,229.0,9999.0,9999.0,120.0
[DLC] Scadu Altus,Ghostflame Dragon [Boss],Ghostflame Dragon,1.0,39355.0,123.0,123.0,123.0,123.0,123.0,123.0,123.0,123.0,35.0,10.0,45.0,40.0,60.0,40.0,40.0,-10.0,9999.0,667.0,9999.0,9999.0,9999.0,9999.0,9999.0,120.0
[DLC] Scadu Altus,Ralva the Great Red Bear [Boss],Ralva the Great Red Bear,1.0,29606.0,123.0,123.0,123.0,123.0,123.0,123.0,123.0,123.0,0.0,0.0,-10.0,0.0,0.0,-20.0,0.0,0.0,416.0,416.0,681.0,681.0,227.0,9999.0,9999.0,120.0
[DLC] Scadu Altus,Ralva the Great Red Bear [Boss],Ralva the Great Red Bear,1.0,29606.0,123.0,123.0,123.0,123.0,123.0,123.0,123.0,123.0,0.0,0.0,-10.0,0.0,0.0,-20.0,0.0,0.0,416.0,416.0,681.0,681.0,227.0,9999.0,9999.0,120.0
[DLC] Scadutree Base,Scadutree Avatar (Phase 1) [Boss],Scadutree Avatar (Phase 1),1.0,7560.0,123.0,123.0,123.0,123.0,123.0,123.0,123.0,123.0,20.0,0.0,20.0,20.0,40.0,-40.0,20.0,40.0,421.0,421.0,9999.0,306.0,9999.0,9999.0,9999.0,120.0
[DLC] Scadutree Base,Scadutree Avatar (Phase 1) [Boss],Scadutree Avatar (Phase 1),1.0,7560.0,123.0,123.0,123.0,123.0,123.0,123.0,123.0,123.0,20.0,0.0,20.0,20.0,40.0,-40.0,20.0,40.0,421.0,421.0,9999.0,306.0,9999.0,9999.0,9999.0,120.0
[DLC] Scadutree Base,Scadutree Avatar (Phase 2) [Boss],Scadutree Avatar (Phase 2),1.0,13608.0,123.0,123.0,123.0,123.0,123.0,123.0,123.0,123.0,20.0,0.0,20.0,20.0,40.0,-40.0,20.0,40.0,421.0,421.0,9999.0,306.0,9999.0,9999.0,9999.0,120.0
[DLC] Scadutree Base,Scadutree Avatar (Phase 3) [Boss],Scadutree Avatar (Phase 3),1.0,12403.0,123.0,123.0,123.0,123.0,123.0,123.0,123.0,123.0,20.0,0.0,20.0,20.0,40.0,-40.0,20.0,40.0,421.0,421.0,9999.0,306.0,9999.0,9999.0,9999.0,120.0
[DLC] Scadutree Base,Scadutree Avatar (Phase 3) [Boss],Scadutree Avatar (Phase 3),1.0,13608.0,123.0,123.0,123.0,123.0,123.0,123.0,123.0,123.0,20.0,0.0,20.0,20.0,40.0,-40.0,20.0,40.0,421.0,421.0,9999.0,306.0,9999.0,9999.0,9999.0,120.0
[DLC] Scaduview,Commander Gaius [Boss],Commander Gaius,1.0,33871.0,123.0,123.0,123.0,123.0,123.0,123.0,123.0,123.0,20.0,20.0,40.0,20.0,20.0,0.0,0.0,-20.0,425.0,425.0,696.0,696.0,2761.0,9999.0,9999.0,100.0
[DLC] Scorpion River Catacombs,Death Knight (Longhaft Axe) [Boss],Death Knight (Longhaft Axe),1.0,24080.0,123.0,123.0,123.0,123.0,123.0,123.0,123.0,123.0,40.0,40.0,40.0,20.0,40.0,20.0,40.0,0.0,667.0,667.0,9999.0,667.0,667.0,9999.0,9999.0,80.0
[DLC] Shadow Keep,Base Serpent Messmer [Boss],Base Serpent Messmer,1.0,38981.0,124.0,124.0,124.0,124.0,124.0,124.0,124.0,124.0,20.0,20.0,0.0,20.0,20.0,40.0,20.0,0.0,434.0,434.0,434.0,316.0,9999.0,9999.0,9999.0,120.0
[DLC] Shadow Keep,Golden Hippopotamus [Boss],Golden Hippopotamus,1.0,33866.0,123.0,123.0,123.0,123.0,123.0,123.0,123.0,123.0,0.0,0.0,-10.0,0.0,0.0,-20.0,-20.0,0.0,416.0,416.0,681.0,681.0,2703.0,9999.0,9999.0,80.0
[DLC] Shadow Keep,Messmer the Impaler [Boss],Messmer the Impaler,1.0,38981.0,124.0,124.0,124.0,124.0,124.0,124.0,124.0,124.0,20.0,20.0,0.0,20.0,20.0,40.0,20.0,40.0,434.0,434.0,434.0,434.0,9999.0,9999.0,9999.0,120.0
[DLC] Stone Coffin Fissure,Putrescent Knight (Phase 1) [Boss],Putrescent Knight (Phase 1),1.0,20612.0,123.0,123.0,123.0,123.0,123.0,123.0,123.0,123.0,20.0,0.0,40.0,40.0,20.0,0.0,0.0,-20.0,9999.0,306.0,9999.0,9999.0,2732.0,9999.0,9999.0,100.0
[DLC] Stone Coffin Fissure,Putrescent Knight (Phase 2) [Boss],Putrescent Knight (Phase 2),1.0,20612.0,123.0,123.0,123.0,123.0,123.0,123.0,123.0,123.0,20.0,0.0,40.0,40.0,20.0,0.0,0.0,-20.0,9999.0,306.0,9999.0,9999.0,2732.0,9999.0,9999.0,100.0
[DLC] Rivermouth Cave,Chief Bloodfiend [Boss],Chief Bloodfiend,1.0,21948.0,122.0,122.0,122.0,122.0,122.0,122.0,122.0,122.0,0.0,0.0,-20.0,0.0,20.0,40.0,20.0,20.0,294.0,294.0,663.0,294.0,9999.0,9999.0,9999.0,80.0
